ZEIT;RAUMID;BEZ;PGR;BZR;PLR;STADTRAUM;E_A;E_AM;E_AW;E_A00_01;E_A01_02;E_A02_03;E_A03_05;E_A05_06;E_A06_07;E_A07_08;E_A08_10;E_A10_12;E_A12_14;E_A14_15;E_A15_18;E_A18_21;E_A21_25;E_A25_27;E_A27_30;E_A30_35;E_A35_40;E_A40_45;E_A45_50;E_A50_55;E_A55_60;E_A60_63;E_A63_65;E_A65_67;E_A67_70;E_A70_75;E_A75_80;E_A80_85;E_A85_90;E_A90_95;E_A95_110;E_AU1;E_A1U6;E_A6U15;E_A15U18;E_A18U25;E_A25U55;E_A55U65;E_A65U80;E_A80U110
201912;01011101;01;01;11;01;1;1405;759;646;3;10;6;12;3;3;7;6;15;3;3;4;41;160;136;178;225;152;116;63;42;51;43;21;10;16;18;25;14;6;6;7;3;31;37;4;201;912;115;69;33
201912;01011102;01;01;11;02;1;53;37;16;0;0;0;0;0;0;0;0;0;0;0;0;0;6;0;12;6;13;4;9;0;0;0;0;0;0;3;0;0;0;0;0;0;0;0;0;6;44;0;3;0
201912;01011103;01;01;11;03;1;1810;976;834;10;3;16;10;9;6;6;12;24;12;3;32;40;132;103;156;240;196;141;145;124;85;52;37;35;35;57;26;39;21;3;0;10;38;63;32;172;1105;174;153;63
201912;01011104;01;01;11;04;1;1810;1016;794;13;12;13;9;6;6;12;23;13;24;7;19;48;203;150;178;289;193;141;105;101;120;18;19;9;16;33;9;12;6;3;0;13;40;85;19;251;1157;157;67;21
201912;01011105;01;01;11;05;1;789;425;364;0;6;3;18;4;0;6;24;13;3;3;12;15;47;33;69;119;91;79;84;65;24;25;13;3;9;9;12;0;0;0;0;0;31;49;12;62;540;62;33;0
201912;01011201;01;01;12;01;1;1036;573;463;4;4;16;19;3;6;9;13;20;12;6;13;36;99;67;75;131;109;77;98;36;60;13;12;21;22;25;12;9;6;3;0;4;42;66;13;135;593;85;80;18
201912;01011202;01;01;12;02;1;232;112;120;4;6;0;6;0;0;0;4;0;3;3;6;3;11;10;19;25;30;16;28;9;18;13;6;0;6;3;3;0;0;0;0;4;12;10;6;14;137;37;12;0
201912;01011203;01;01;12;03;1;433;240;193;0;0;0;0;0;0;9;6;3;6;0;0;4;15;28;36;75;74;46;34;37;22;12;7;7;0;6;3;0;0;3;0;0;0;24;0;19;330;41;16;3
201912;01011204;01;01;12;04;1;2924;1482;1442;34;35;19;62;18;29;15;37;28;17;17;42;87;163;124;281;547;409;228;193;162;110;75;31;28;22;55;22;12;12;10;0;34;134;143;42;250;1944;216;127;34
201912;01011301;01;01;13;01;1;2132;1122;1010;17;15;14;25;12;6;12;12;6;11;3;21;36;146;108;245;477;305;208;146;112;63;32;9;21;25;23;9;13;0;0;0;17;66;50;21;182;1601;104;78;13
201912;01011302;01;01;13;02;1;3400;1733;1667;13;29;22;37;12;23;13;30;45;23;17;21;45;149;164;365;707;479;382;289;192;151;36;24;19;37;33;26;10;7;0;0;13;100;151;21;194;2578;211;115;17
201912;01011303;01;01;13;03;1;3482;1843;1639;18;25;25;49;22;13;17;26;22;41;9;27;73;256;242;444;746;492;286;209;128;131;62;19;17;28;24;13;12;3;3;0;18;121;128;27;329;2547;212;82;18
201912;01011304;01;01;13;04;1;2427;1210;1217;19;21;15;35;24;19;20;28;47;23;8;44;76;178;136;264;386;282;236;134;167;98;54;18;17;18;30;18;6;3;3;0;19;95;145;44;254;1605;170;83;12
201912;01011305;01;01;13;05;1;2470;1401;1069;28;24;22;43;15;13;7;22;12;14;6;35;31;148;114;280;480;350;199;197;164;82;36;25;24;26;42;21;10;0;0;0;28;104;74;35;179;1784;143;113;10
201912;01011306;01;01;13;06;1;3351;1727;1624;16;17;13;21;6;15;13;12;13;3;7;9;218;675;240;346;482;404;268;143;144;92;48;30;18;30;32;21;6;9;0;0;16;57;63;9;893;2027;170;101;15
201912;01011401;01;01;14;01;1;5776;2980;2796;38;42;63;94;45;43;47;56;62;47;28;81;118;334;307;644;1280;901;567;408;250;131;45;28;22;28;37;9;12;9;0;0;38;244;283;81;452;4357;204;96;21
201912;01011402;01;01;14;02;1;3758;1881;1877;21;24;22;50;31;14;15;35;13;25;6;27;53;199;158;439;858;668;425;258;166;90;39;28;16;35;22;12;9;0;0;0;21;127;108;27;252;2972;157;85;9
201912;01022101;01;02;21;01;1;1303;724;579;6;15;6;15;12;11;10;31;15;23;7;19;37;89;86;124;182;137;114;95;73;74;30;15;16;9;32;9;7;4;0;0;6;48;97;19;126;811;119;66;11
201912;01022102;01;02;21;02;1;2943;1594;1349;15;18;16;29;10;6;21;33;20;36;26;41;103;282;165;287;394;273;213;217;205;168;72;37;39;53;96;31;25;6;3;3;15;73;142;41;385;1754;277;219;37
201912;01022103;01;02;21;03;1;189;101;88;7;3;6;0;0;3;0;7;6;3;8;3;6;9;3;16;28;23;14;7;13;6;0;9;0;3;3;3;0;0;0;0;7;9;27;3;15;104;15;9;0
201912;01022104;01;02;21;04;1;6246;3427;2819;32;28;20;63;27;28;27;57;52;43;18;75;163;512;363;595;888;687;508;459;423;334;163;93;82;117;179;110;71;19;7;3;32;138;225;75;675;3923;590;488;100
201912;01022105;01;02;21;05;1;1983;1068;915;12;16;9;16;10;11;20;31;21;30;6;25;73;159;108;166;260;203;171;159;148;102;42;27;21;30;33;38;21;15;0;0;12;51;119;25;232;1215;171;122;36
201912;01022106;01;02;21;06;1;2382;1250;1132;9;3;12;17;6;16;9;12;20;17;9;31;64;146;126;254;384;276;219;172;132;138;65;36;28;49;72;42;15;3;0;0;9;38;83;31;210;1563;239;191;18
201912;01022201;01;02;22;01;1;3480;1857;1623;18;12;11;43;18;18;16;30;30;29;22;41;91;292;201;400;560;356;306;247;219;161;73;39;37;48;62;50;35;15;0;0;18;84;145;41;383;2289;273;197;50
201912;01022202;01;02;22;02;1;1390;773;617;15;24;7;23;4;13;6;3;0;3;0;9;16;102;95;196;306;166;91;74;76;45;24;7;16;3;22;26;12;3;3;0;15;58;25;9;118;1004;76;67;18
201912;01022203;01;02;22;03;1;2460;1245;1215;15;15;30;32;17;12;16;36;38;20;15;24;56;155;81;207;309;240;220;197;169;115;58;39;39;52;111;72;49;18;3;0;15;94;137;24;211;1423;212;274;70
201912;01022204;01;02;22;04;1;1638;930;708;13;3;12;19;10;10;9;12;7;4;7;9;21;110;102;183;297;189;152;118;81;91;33;30;15;33;30;12;23;3;0;0;13;44;49;9;131;1122;154;90;26
201912;01022205;01;02;22;05;1;1090;549;541;6;12;19;16;6;12;6;22;25;27;6;40;27;54;55;69;125;91;99;93;58;65;24;16;15;19;24;28;15;16;0;0;6;53;98;40;81;590;105;86;31
201912;01022206;01;02;22;06;1;711;359;352;0;3;0;7;6;6;0;3;7;0;0;3;6;50;36;88;97;99;64;62;33;41;12;16;9;17;15;16;6;6;0;3;0;16;16;3;56;479;69;57;15
201912;01022207;01;02;22;07;1;2032;1059;973;9;6;6;3;6;3;5;16;6;6;9;15;65;381;225;312;267;150;123;87;84;76;25;17;23;18;49;21;16;3;0;0;9;21;45;15;446;1248;118;111;19
201912;01033101;01;03;31;01;1;11335;6105;5230;88;90;97;245;97;90;102;190;174;166;81;244;354;771;463;928;1438;1143;1049;908;793;616;224;142;115;163;195;196;131;36;3;3;88;529;803;244;1125;6722;982;669;173
201912;01033102;01;03;31;02;1;4570;2443;2127;32;25;28;49;25;24;25;55;54;40;20;77;147;343;229;373;600;467;450;414;324;215;85;76;39;61;130;105;40;12;6;0;32;127;218;77;490;2857;376;335;58
201912;01033201;01;03;32;01;1;4462;2269;2193;25;24;30;60;26;21;20;62;36;54;21;54;98;229;184;316;633;500;468;373;343;263;96;63;61;95;120;100;60;24;3;0;25;140;214;54;327;2817;422;376;87
201912;01033202;01;03;32;02;1;3190;1610;1580;16;17;11;33;18;15;15;13;23;22;6;45;154;363;151;270;370;329;270;241;197;176;76;36;33;80;87;73;34;10;0;6;16;79;94;45;517;1828;288;273;50
201912;01033203;01;03;32;03;1;5937;3229;2708;36;42;48;65;44;43;33;99;60;61;37;119;185;390;329;545;854;580;560;488;377;300;111;68;48;92;121;90;76;24;12;0;36;199;333;119;575;3733;479;351;112
201912;01044101;01;04;41;01;1;6668;3603;3065;32;39;40;75;36;49;50;55;80;72;30;89;157;442;353;613;949;699;655;525;471;367;148;111;85;112;169;91;47;24;3;0;32;190;336;89;599;4265;626;457;74
201912;01044102;01;04;41;02;1;4162;2215;1947;23;24;44;43;28;18;37;64;50;44;21;66;93;254;183;381;582;454;340;337;261;255;130;66;55;64;125;76;31;10;3;0;23;139;234;66;347;2538;451;320;44
201912;01044103;01;04;41;03;1;3317;1779;1538;18;19;31;46;21;15;25;45;40;29;13;71;88;271;220;351;483;351;250;262;216;150;62;29;27;41;70;47;13;9;0;4;18;117;167;71;359;2133;241;185;26
201912;01044201;01;04;42;01;1;10560;5703;4857;40;78;77;149;60;73;73;137;148;129;74;187;284;641;487;908;1332;1099;987;934;809;621;236;126;103;154;255;208;113;25;13;0;40;364;634;187;925;6556;983;720;151
201912;01044202;01;04;42;02;1;7126;4016;3110;46;42;39;85;31;51;30;68;82;49;27;99;213;777;563;756;1082;775;623;452;386;298;119;83;79;71;109;50;35;6;0;0;46;197;307;99;990;4637;500;309;41
201912;01044203;01;04;42;03;1;6353;3427;2926;34;44;44;64;30;30;33;71;79;56;25;83;176;378;290;519;925;671;525;516;454;388;170;93;90;99;216;140;78;26;6;0;34;182;294;83;554;3900;651;545;110
201912;02010101;02;01;01;01;1;2680;1452;1228;15;24;9;28;17;12;6;25;33;27;18;22;52;188;168;285;426;302;209;225;198;143;55;26;16;22;46;33;19;19;6;6;15;78;121;22;240;1813;224;117;50
201912;02010102;02;01;01;02;1;4658;2348;2310;31;18;30;49;18;24;24;45;42;38;9;51;134;314;209;362;586;485;420;411;371;292;100;63;45;71;138;111;92;51;18;6;31;115;182;51;448;2844;455;365;167
201912;02010103;02;01;01;03;1;5437;2849;2588;22;31;36;57;15;14;25;33;29;34;12;54;110;295;192;395;667;574;547;578;445;378;125;106;68;108;192;166;86;37;3;3;22;139;147;54;405;3398;609;534;129
201912;02010104;02;01;01;04;1;1623;826;797;7;3;6;15;6;0;3;18;14;3;6;12;24;62;56;85;224;203;165;166;134;137;45;31;23;28;54;44;40;9;0;0;7;30;44;12;86;1033;213;149;49
201912;02020201;02;02;02;01;1;413;221;192;6;0;9;16;3;7;11;6;7;6;3;0;6;24;10;44;61;64;33;26;29;9;3;0;6;10;11;0;3;0;0;0;6;28;40;0;30;267;12;27;3
201912;02020202;02;02;02;02;1;1711;909;802;9;10;12;18;21;8;16;27;15;15;3;34;49;106;96;142;284;202;115;133;107;86;33;24;15;34;41;34;13;9;0;0;9;61;84;34;155;1079;143;124;22
201912;02020203;02;02;02;03;1;2719;1445;1274;15;23;16;30;22;6;3;27;15;12;3;23;48;169;157;279;450;330;270;231;140;149;63;42;33;38;58;34;27;3;3;0;15;91;66;23;217;1857;254;163;33
201912;02020204;02;02;02;04;1;3506;1836;1670;18;20;28;19;22;19;9;18;19;30;17;46;67;189;171;353;620;439;334;237;199;171;103;53;27;64;96;58;36;21;3;0;18;89;112;46;256;2353;327;245;60
201912;02020205;02;02;02;05;1;3936;1990;1946;6;21;6;19;15;6;3;15;11;25;6;19;159;346;218;352;615;425;350;335;258;207;75;42;55;73;89;96;52;16;9;12;6;61;66;19;505;2553;324;313;89
201912;02020206;02;02;02;06;1;5345;2758;2587;21;24;18;31;6;20;17;33;37;16;6;55;84;236;240;496;941;777;531;418;394;272;115;85;62;78;148;97;63;15;6;3;21;79;129;55;320;3797;472;385;87
201912;02030301;02;03;03;01;1;3355;1706;1649;8;10;9;9;3;10;4;16;13;9;13;37;50;146;119;189;405;344;333;341;288;236;87;59;53;86;202;145;88;21;13;9;8;31;65;37;196;2019;382;486;131
201912;02030302;02;03;03;02;1;4290;2281;2009;17;9;12;36;6;14;12;15;15;16;10;13;93;211;174;334;615;542;440;384;292;265;112;96;38;111;143;130;76;50;6;3;17;63;82;13;304;2781;473;422;135
201912;02030401;02;03;04;01;1;4807;2535;2272;15;13;9;28;19;10;15;22;20;18;0;31;55;263;232;491;828;658;521;409;310;223;105;50;49;64;155;102;50;30;9;3;15;69;85;31;318;3449;378;370;92
201912;02030402;02;03;04;02;1;3680;1984;1696;3;12;9;10;6;6;3;9;17;9;10;6;69;196;167;365;587;516;352;298;233;211;69;75;30;59;137;116;67;24;6;3;3;37;54;6;265;2518;355;342;100
201912;02040501;02;04;05;01;1;883;409;474;3;6;13;19;16;4;15;21;7;9;7;4;19;63;41;78;121;98;88;70;73;43;25;9;13;0;3;6;6;3;0;0;3;54;63;4;82;569;77;22;9
201912;02040502;02;04;05;02;1;1576;823;753;12;13;16;25;9;3;4;22;16;19;7;22;33;89;103;222;334;225;109;72;91;53;10;13;11;15;16;9;3;0;0;0;12;63;71;22;122;1156;76;51;3
201912;02040503;02;04;05;03;1;2152;1109;1043;16;25;15;27;12;16;9;4;16;10;0;9;18;143;143;307;480;366;185;120;85;76;24;19;9;9;3;0;0;0;3;3;16;79;55;9;161;1686;119;21;6
201912;02040701;02;04;07;01;1;3941;2050;1891;37;47;27;51;27;18;28;31;38;37;15;55;91;426;337;554;740;447;254;199;165;124;54;48;16;22;25;13;9;3;3;0;37;152;167;55;517;2696;226;76;15
201912;02040702;02;04;07;02;1;2540;1401;1139;12;16;12;12;11;3;7;13;13;0;6;15;155;367;238;333;528;315;189;103;69;50;28;7;12;0;10;9;3;4;0;0;12;51;42;15;522;1775;85;31;7
201912;02040703;02;04;07;03;1;706;388;318;16;7;11;32;8;17;6;19;11;12;9;16;26;63;46;81;145;52;49;22;15;10;14;6;0;10;3;0;0;0;0;0;16;58;74;16;89;410;30;13;0
201912;02050601;02;05;06;01;1;2211;1186;1025;15;22;13;17;13;20;9;14;15;9;9;18;22;159;142;380;532;341;146;106;61;75;21;22;9;9;6;0;3;0;3;0;15;65;76;18;181;1708;118;24;6
201912;02050602;02;05;06;02;1;5038;2602;2436;38;33;32;67;18;15;18;42;29;19;9;31;67;275;333;766;1245;837;437;261;176;123;41;16;21;28;34;15;3;6;3;0;38;150;132;31;342;4055;180;98;12
201912;02050801;02;05;08;01;1;5574;2921;2653;46;44;49;79;29;34;35;47;42;26;12;49;80;371;385;827;1379;861;444;255;199;125;56;19;26;13;17;7;12;6;0;0;46;201;196;49;451;4350;200;63;18
201912;02050802;02;05;08;02;1;5526;2963;2563;33;30;27;43;15;18;15;17;25;20;9;27;72;399;461;893;1391;947;469;253;115;116;32;24;15;31;16;10;3;0;0;0;33;115;104;27;471;4529;172;72;3
201912;02050803;02;05;08;03;1;2017;1105;912;15;11;9;33;15;3;9;12;3;6;6;6;31;167;168;316;507;305;158;87;68;29;17;6;0;9;15;0;3;3;0;0;15;68;39;6;198;1609;52;24;6
201912;02050804;02;05;08;04;1;505;238;267;3;6;10;6;4;7;6;6;4;6;0;7;7;12;17;64;98;91;45;23;43;3;6;6;6;0;6;7;6;0;0;0;3;26;29;7;19;381;15;19;6
201912;03010101;03;01;01;01;2;456;298;158;3;3;3;17;0;0;0;10;3;6;0;0;13;44;16;40;84;68;35;36;33;11;18;3;0;3;0;7;0;0;0;0;3;23;19;0;57;312;32;10;0
201912;03010102;03;01;01;02;2;2187;1285;902;57;30;35;62;40;27;42;54;49;58;12;66;94;231;155;188;306;209;174;132;61;50;23;8;6;12;3;3;0;0;0;0;57;167;242;66;325;1225;81;24;0
201912;03010104;03;01;01;04;2;27;18;9;0;0;0;0;0;0;0;0;0;0;0;0;3;3;0;0;6;6;6;0;0;0;3;0;0;0;0;0;0;0;0;0;0;0;0;0;6;18;3;0;0
201912;03020203;03;02;02;03;2;62;46;16;3;0;0;0;0;0;0;0;0;3;0;0;4;6;3;9;0;8;9;7;3;3;0;0;0;0;4;0;0;0;0;0;3;0;3;0;10;39;3;4;0
201912;03020209;03;02;02;09;2;1527;741;786;4;6;15;12;6;12;13;16;15;11;19;18;123;220;83;130;213;158;141;105;78;53;9;16;15;18;3;6;6;3;0;0;4;39;86;18;343;908;78;42;9
201912;03020210;03;02;02;10;2;1024;517;507;9;18;21;29;18;16;12;22;24;22;6;21;33;43;56;52;159;135;96;82;56;39;22;3;4;3;10;10;3;0;0;0;9;86;102;21;76;636;64;27;3
201912;03020307;03;02;03;07;2;1048;538;510;9;12;7;27;12;10;15;22;20;21;3;21;30;62;36;43;125;127;138;100;63;45;25;12;11;24;10;9;3;6;0;0;9;58;91;21;92;632;82;54;9
201912;03030405;03;03;04;05;2;1231;666;565;27;24;25;60;27;15;18;34;49;24;16;32;49;71;37;88;165;161;113;67;55;44;3;9;3;3;9;3;0;0;0;0;27;136;156;32;120;686;56;18;0
201912;03030406;03;03;04;06;2;322;145;177;3;3;4;3;0;0;3;6;0;12;0;0;6;35;10;22;40;35;40;33;27;9;0;9;4;9;3;0;3;0;3;0;3;10;21;0;41;207;18;16;6
201912;03030711;03;03;07;11;2;201;78;123;0;0;0;3;3;3;3;3;6;3;3;9;9;24;3;7;31;25;21;7;12;16;3;3;4;0;0;0;0;0;0;0;0;6;21;9;33;106;22;4;0
201912;03030715;03;03;07;15;2;1179;710;469;13;21;22;38;18;18;18;21;41;42;12;37;77;97;59;97;121;118;93;80;35;36;16;12;16;6;9;0;3;3;0;0;13;99;152;37;174;603;64;31;6
201912;03030716;03;03;07;16;2;9;3;6;0;0;0;0;0;0;0;0;0;0;0;0;0;0;0;0;0;0;3;3;3;0;0;0;0;0;0;0;0;0;0;0;0;0;0;0;0;9;0;0;0
201912;03040508;03;04;05;08;2;300;145;155;0;3;3;7;7;3;0;3;9;0;3;6;10;9;10;20;27;37;26;32;30;9;3;3;9;0;15;6;10;0;0;0;0;20;18;6;19;182;15;30;10
201912;03040512;03;04;05;12;2;951;491;460;12;16;9;18;6;9;11;24;17;9;3;15;39;80;50;89;138;101;100;72;50;18;17;12;6;6;9;6;3;6;0;0;12;49;73;15;119;600;47;27;9
201912;03040513;03;04;05;13;2;271;154;117;5;3;0;3;0;0;0;7;3;0;0;9;12;24;21;9;39;28;28;34;7;9;10;6;0;6;0;5;0;0;0;3;5;6;10;9;36;166;25;11;3
201912;03040614;03;04;06;14;2;3395;1682;1713;48;40;49;50;32;22;25;42;30;32;19;52;93;213;164;309;614;474;349;250;154;132;43;24;16;22;47;29;15;0;3;3;48;171;170;52;306;2314;199;114;21
201912;03040818;03;04;08;18;2;4134;2101;2033;46;30;37;91;36;38;29;41;55;38;24;59;105;241;216;485;796;629;375;273;162;131;48;36;29;31;32;6;9;3;3;0;46;194;225;59;346;2936;215;98;15
201912;03050919;03;05;09;19;2;478;256;222;6;6;10;13;3;3;6;12;10;13;7;18;17;35;34;37;70;49;45;34;12;10;3;3;3;6;6;7;0;0;0;0;6;32;51;18;52;281;16;22;0
201912;03050920;03;05;09;20;2;713;384;329;7;15;7;18;10;3;0;3;7;3;6;6;7;24;30;77;115;97;90;66;51;38;0;9;9;6;6;0;0;0;0;3;7;50;22;6;31;526;47;21;3
201912;03050923;03;05;09;23;2;1562;857;705;8;22;15;29;9;10;13;25;12;7;3;26;32;107;97;192;328;268;118;91;55;53;12;3;3;6;6;6;0;6;0;0;8;75;70;26;139;1149;68;21;6
201912;03050924;03;05;09;24;2;1042;535;507;9;6;9;24;3;0;13;18;0;11;0;12;13;94;46;102;214;159;97;67;49;31;23;14;3;3;12;4;0;3;3;0;9;42;42;12;107;734;68;22;6
201912;03050925;03;05;09;25;2;1247;642;605;7;6;9;32;13;19;14;28;15;19;3;31;32;92;66;110;208;169;110;102;55;47;18;3;12;6;6;7;3;0;0;5;7;60;98;31;124;820;68;31;8
201912;03051017;03;05;10;17;2;673;427;246;0;3;6;0;0;0;3;10;9;10;0;0;33;91;51;94;94;80;61;37;31;32;6;4;6;3;3;3;3;0;0;0;0;9;32;0;124;448;42;15;3
201912;03051021;03;05;10;21;2;582;290;292;12;6;3;22;6;6;13;13;9;12;9;21;20;40;27;40;84;68;56;31;30;22;13;9;0;7;3;0;0;0;0;0;12;37;62;21;60;336;44;10;0
201912;03051022;03;05;10;22;2;315;153;162;3;7;4;16;6;10;0;6;9;3;3;13;15;18;17;22;43;44;28;18;15;3;6;0;3;0;3;0;0;0;0;0;3;33;31;13;33;187;9;6;0
201912;03061126;03;06;11;26;1;3349;1775;1574;22;26;19;60;19;27;27;33;22;20;6;27;68;217;254;442;714;545;271;219;125;84;24;24;13;19;9;10;3;0;0;0;22;124;135;27;285;2570;132;51;3
201912;03061131;03;06;11;31;1;2531;1289;1242;12;13;10;27;10;3;0;19;29;7;6;6;37;144;168;343;566;420;254;176;123;59;33;9;7;11;24;3;6;3;0;3;12;60;64;6;181;2050;101;45;12
201912;03061227;03;06;12;27;1;2623;1284;1339;9;15;19;27;6;9;3;25;12;18;0;22;30;149;157;353;663;404;262;184;110;72;22;3;6;19;9;9;0;6;0;0;9;67;67;22;179;2133;97;43;6
201912;03061228;03;06;12;28;1;2196;1094;1102;15;17;13;27;12;10;4;23;22;30;15;19;32;126;126;277;539;372;169;115;87;64;24;6;12;7;19;7;7;0;0;0;15;69;104;19;158;1685;94;45;7
201912;03061332;03;06;13;32;1;4931;2482;2449;24;42;37;50;25;33;21;39;37;27;10;36;55;237;265;541;1080;826;567;396;245;134;71;32;19;22;37;13;3;7;0;0;24;154;167;36;292;3920;237;91;10
201912;03061429;03;06;14;29;1;1064;504;560;12;9;18;26;12;6;13;23;13;10;13;22;23;79;68;108;147;124;90;73;79;41;7;23;6;12;7;0;0;0;0;0;12;65;78;22;102;689;71;25;0
201912;03061430;03;06;14;30;1;1445;800;645;23;29;26;59;28;19;23;52;56;55;22;62;66;130;71;117;172;122;101;78;55;43;16;3;7;0;7;0;3;0;0;0;23;142;227;62;196;716;62;14;3
201912;03061434;03;06;14;34;1;1361;701;660;16;15;10;21;6;19;3;12;9;0;3;3;33;79;61;175;343;221;116;64;46;25;22;13;9;6;16;3;6;3;3;0;16;52;46;3;112;1026;60;34;12
201912;03061435;03;06;14;35;1;796;400;396;4;9;7;6;13;6;0;9;3;3;0;14;7;47;46;94;159;124;71;57;50;10;26;7;0;15;6;3;0;0;0;0;4;35;21;14;54;601;43;24;0
201912;03061441;03;06;14;41;1;401;196;205;4;0;3;9;6;3;6;6;3;6;0;7;13;25;12;27;65;76;50;46;12;6;4;3;0;3;3;0;0;3;0;0;4;18;24;7;38;288;13;6;3
201912;03071536;03;07;15;36;1;2834;1443;1391;22;17;18;27;18;16;13;19;19;10;9;38;75;157;156;314;600;422;307;252;142;75;25;13;11;12;13;22;6;3;3;0;22;80;86;38;232;2193;113;58;12
201912;03071537;03;07;15;37;1;3900;1960;1940;31;27;51;76;31;39;30;59;46;19;10;42;62;176;168;402;770;643;389;334;204;122;43;20;16;28;40;10;9;3;0;0;31;185;203;42;238;2910;185;94;12
201912;03071633;03;07;16;33;1;668;349;319;16;0;10;20;9;9;6;10;12;6;4;3;6;25;27;74;160;98;70;37;26;19;0;9;6;0;3;0;0;3;0;0;16;39;47;3;31;492;28;9;3
201912;03071638;03;07;16;38;1;3845;1881;1964;18;30;30;50;24;13;26;33;26;21;19;40;30;203;196;455;886;587;416;295;185;101;52;27;22;15;21;18;6;0;0;0;18;134;138;40;233;3020;180;76;6
201912;03071639;03;07;16;39;1;2225;1125;1100;12;21;21;19;10;6;3;15;16;4;9;21;35;106;105;233;480;338;249;191;106;99;47;19;9;3;23;6;13;3;3;0;12;71;53;21;141;1702;165;41;19
201912;04010101;04;01;01;01;2;3088;1619;1469;9;22;34;48;20;9;18;37;47;31;26;41;87;252;142;239;376;320;316;258;218;142;72;65;40;71;65;53;12;6;9;3;9;124;168;41;339;1869;279;229;30
201912;04010102;04;01;01;02;2;286;214;72;0;3;4;9;6;3;3;9;0;3;3;10;19;44;6;9;28;23;39;20;10;9;3;0;4;6;6;0;4;0;0;3;0;22;21;10;63;135;12;16;7
201912;04010103;04;01;01;03;2;2219;1051;1168;16;20;22;51;15;18;28;36;42;34;15;46;49;118;59;131;227;197;221;218;189;120;64;43;24;46;63;49;31;16;3;8;16;108;173;46;167;1242;227;182;58
201912;04020204;04;02;02;04;2;39;23;16;0;0;0;0;0;0;0;6;4;3;0;0;0;0;0;4;3;0;4;6;0;0;0;0;0;3;0;3;3;0;0;0;0;0;13;0;0;17;0;6;3
201912;04020205;04;02;02;05;2;178;91;87;0;0;0;0;0;0;3;0;0;0;3;3;12;15;6;9;12;24;23;27;16;13;3;0;0;0;3;0;3;3;0;0;0;0;6;3;27;117;16;3;6
201912;04020206;04;02;02;06;2;559;297;262;0;14;6;12;15;6;3;6;13;7;3;6;19;33;18;31;74;72;34;43;30;22;21;12;6;13;12;9;10;0;3;6;0;47;38;6;52;302;55;40;19
201912;04020207;04;02;02;07;2;483;252;231;0;3;0;10;0;0;3;0;6;5;3;3;23;29;24;40;69;51;42;40;29;28;13;16;3;21;10;0;3;3;3;3;0;13;17;3;52;295;57;34;12
201912;04020208;04;02;02;08;2;407;192;215;3;0;0;3;0;0;3;9;0;3;6;3;9;21;13;18;18;42;35;55;46;37;22;6;12;12;22;3;3;0;0;3;3;3;21;3;30;227;65;49;6
201912;04020209;04;02;02;09;2;1015;518;497;0;0;3;6;0;0;0;6;7;3;0;12;56;250;113;122;136;73;78;31;37;32;10;7;12;3;3;6;3;0;6;0;0;9;16;12;306;590;49;24;9
201912;04020310;04;02;03;10;2;462;235;227;12;10;8;17;11;7;9;7;3;18;10;6;15;73;51;65;47;27;27;14;6;0;6;3;0;0;7;3;0;0;0;0;12;46;54;6;88;237;9;10;0
201912;04020311;04;02;03;11;2;3101;1693;1408;12;13;19;31;24;7;12;45;25;26;13;58;78;234;162;281;400;275;275;260;207;161;64;52;46;57;116;72;25;29;13;9;12;87;128;58;312;1860;277;291;76
201912;04020312;04;02;03;12;2;1110;585;525;9;12;6;21;3;7;10;15;21;18;9;34;38;73;44;83;146;88;103;73;64;55;43;20;23;22;21;25;15;3;3;3;9;42;80;34;111;601;118;91;24
201912;04020313;04;02;03;13;2;1683;826;857;13;19;10;25;3;10;0;19;9;23;9;21;38;136;85;144;198;190;162;115;107;97;42;18;28;25;43;34;26;22;3;9;13;57;70;21;174;1001;157;130;60
201912;04020314;04;02;03;14;2;9;9;0;0;0;0;0;0;0;0;0;0;0;0;0;0;0;0;0;0;0;0;0;0;0;0;6;0;0;0;3;0;0;0;0;0;0;0;0;0;0;6;3;0
201912;04030415;04;03;04;15;1;1449;824;625;12;4;15;16;3;10;3;3;9;0;0;19;43;149;127;156;194;158;111;121;70;64;35;21;18;12;33;16;18;0;3;6;12;38;25;19;192;937;120;79;27
201912;04030416;04;03;04;16;1;2846;1397;1449;12;6;18;17;6;16;18;22;19;6;12;36;59;143;92;212;341;270;238;230;234;176;122;49;38;76;142;119;70;27;14;6;12;47;93;36;202;1617;347;375;117
201912;04030417;04;03;04;17;1;2587;1329;1258;9;21;12;18;6;13;9;23;14;31;3;16;48;168;116;198;320;239;249;223;210;162;87;53;44;84;109;49;19;19;12;3;9;57;93;16;216;1555;302;286;53
201912;04030518;04;03;05;18;1;2664;1382;1282;13;15;12;22;17;15;6;15;21;6;12;33;50;162;131;211;359;246;234;197;215;174;99;46;52;62;100;50;33;27;12;17;13;66;75;33;212;1593;319;264;89
201912;04030519;04;03;05;19;1;1621;892;729;9;4;6;15;10;13;9;15;9;19;3;15;28;67;81;129;240;202;127;174;92;73;50;27;35;52;41;40;22;8;0;6;9;35;68;15;95;1045;150;168;36
201912;04030620;04;03;06;20;1;2425;1233;1192;10;6;6;37;9;15;6;21;24;28;13;24;51;124;105;186;334;263;193;229;189;154;66;53;34;52;76;42;42;18;15;0;10;58;107;24;175;1499;273;204;75
201912;04030621;04;03;06;21;1;1177;639;538;3;6;0;6;6;9;6;3;7;13;0;9;18;78;71;120;172;128;88;98;108;58;40;20;12;15;27;21;18;10;4;3;3;18;38;9;96;785;118;75;35
201912;04030622;04;03;06;22;1;3105;1587;1518;15;13;9;22;9;13;19;32;32;28;15;29;56;128;124;215;392;344;306;285;194;198;100;68;63;89;142;68;43;30;9;15;15;53;139;29;184;1860;366;362;97
201912;04030623;04;03;06;23;1;1673;799;874;6;12;10;16;6;3;7;24;17;9;6;0;23;92;83;138;212;230;139;113;107;101;44;39;34;40;71;35;12;19;13;12;6;44;66;0;115;1022;184;180;56
201912;04030724;04;03;07;24;1;1562;760;802;12;0;10;12;9;6;0;3;12;6;7;24;9;94;75;122;203;147;148;118;90;87;56;30;31;36;67;36;37;33;30;12;12;31;34;24;103;903;173;170;112
201912;04030725;04;03;07;25;1;3339;1713;1626;21;12;15;28;9;7;18;37;28;32;10;49;84;198;161;300;430;346;314;273;193;211;108;65;66;71;100;58;52;18;13;12;21;64;132;49;282;2017;384;295;95
201912;04030726;04;03;07;26;1;1635;829;806;6;12;9;24;9;9;4;25;22;13;7;32;52;65;51;95;158;172;127;154;165;121;52;39;26;57;61;31;12;3;7;15;6;54;80;32;117;922;212;175;37
201912;04030827;04;03;08;27;1;4432;2361;2071;18;22;22;46;24;15;16;37;34;30;12;45;95;304;218;328;540;461;403;386;296;266;137;86;71;135;136;108;85;32;9;15;18;114;144;45;399;2632;489;450;141
201912;04030828;04;03;08;28;1;2952;1515;1437;14;9;13;21;9;10;13;15;22;27;9;20;66;162;131;227;367;299;269;236;246;190;92;58;68;95;103;69;47;26;7;12;14;52;96;20;228;1775;340;335;92
201912;04030929;04;03;09;29;1;1641;838;803;6;3;6;13;9;12;6;26;18;7;7;22;21;53;61;116;199;177;115;149;110;135;76;42;28;41;72;51;21;10;17;12;6;31;76;22;74;927;253;192;60
201912;04030930;04;03;09;30;1;1697;920;777;6;3;3;15;12;3;7;9;16;16;6;16;27;85;48;99;176;110;156;136;110;160;89;56;41;52;75;72;23;41;13;16;6;33;57;16;112;835;305;240;93
201912;04030931;04;03;09;31;1;1488;828;660;6;9;7;31;15;6;13;10;18;27;0;24;19;62;32;88;143;170;138;137;130;99;46;25;28;43;72;30;33;9;6;12;6;62;74;24;81;838;170;173;60
201912;04031032;04;03;10;32;1;4195;2142;2053;21;24;27;40;29;18;34;30;44;32;19;39;99;214;169;303;544;440;406;362;274;273;134;65;77;119;132;97;55;24;22;29;21;120;177;39;313;2498;472;425;130
201912;04041133;04;04;11;33;2;72;51;21;0;0;0;0;0;0;0;0;0;0;0;0;0;6;10;12;9;4;9;9;10;3;0;0;0;0;0;0;0;0;0;0;0;0;0;0;6;63;3;0;0
201912;04041134;04;04;11;34;2;1189;565;624;6;6;9;13;6;6;6;13;3;13;6;12;25;76;35;91;131;128;107;122;102;72;37;18;12;25;46;14;16;12;12;9;6;34;47;12;101;716;127;97;49
201912;04041135;04;04;11;35;2;574;278;296;4;0;0;0;0;9;3;10;0;6;4;3;30;23;15;15;47;55;43;44;42;57;37;12;12;22;35;12;22;6;6;0;4;0;32;3;53;261;106;81;34
201912;04041136;04;04;11;36;2;630;285;345;0;0;3;4;3;3;6;10;9;7;3;23;13;24;15;31;41;58;89;56;52;46;13;6;33;18;34;12;6;0;3;9;0;10;38;23;37;342;65;97;18
201912;04041137;04;04;11;37;2;1807;888;919;9;6;7;23;6;14;14;24;19;17;4;19;35;87;55;115;181;214;207;162;152;102;61;35;33;48;53;60;27;9;3;6;9;42;92;19;122;1086;198;194;45
201912;04041238;04;04;12;38;2;1050;511;539;8;9;4;9;3;6;6;10;15;18;12;12;21;48;36;67;109;105;84;112;85;73;33;26;15;45;34;16;23;0;0;6;8;25;67;12;69;598;132;110;29
201912;04041239;04;04;12;39;2;212;122;90;3;3;3;16;4;0;6;6;9;3;0;6;10;26;0;28;13;30;9;9;9;9;4;3;0;0;0;0;0;3;0;0;3;26;24;6;36;98;16;0;3
201912;04041240;04;04;12;40;2;218;93;125;0;0;0;0;0;3;0;4;0;0;3;4;16;15;9;7;22;17;25;31;15;16;3;16;0;6;0;3;0;0;0;3;0;0;10;4;31;126;35;9;3
201912;04041241;04;04;12;41;2;1033;545;488;3;6;4;9;10;0;6;10;19;9;6;6;39;83;44;68;108;104;86;106;77;69;18;22;12;26;38;24;6;9;6;0;3;29;50;6;122;593;109;100;21
201912;04041342;04;04;13;42;2;803;391;412;9;7;6;3;3;6;0;7;12;22;3;3;26;47;23;46;68;70;47;85;69;47;33;19;24;41;19;22;20;10;0;6;9;19;50;3;73;408;99;106;36
201912;04041343;04;04;13;43;2;607;306;301;0;0;3;13;3;0;6;6;0;9;3;12;9;27;22;44;58;74;49;53;53;45;21;21;15;18;20;0;6;6;11;0;0;19;24;12;36;353;87;53;23
201912;04041344;04;04;13;44;2;1800;883;917;7;7;12;18;9;8;13;13;22;12;9;31;42;75;53;94;169;193;188;160;129;107;71;29;49;48;103;46;37;33;7;6;7;46;77;31;117;986;207;246;83
201912;04051445;04;05;14;45;1;1567;762;805;6;12;6;18;0;9;10;18;22;15;9;16;38;60;69;102;157;158;141;166;105;125;57;30;35;37;63;43;15;13;0;12;6;36;83;16;98;898;212;178;40
201912;04051446;04;05;14;46;1;2918;1516;1402;16;13;6;28;25;21;18;40;40;27;24;34;43;142;82;195;341;283;274;229;196;203;104;63;53;103;127;72;54;25;9;28;16;72;170;34;185;1600;370;355;116
201912;04051447;04;05;14;47;1;1352;670;682;9;6;3;16;9;7;6;3;9;16;0;37;31;54;39;77;118;170;112;104;128;107;33;30;37;51;58;30;9;15;10;18;9;34;41;37;85;748;170;176;52
201912;04051448;04;05;14;48;1;2823;1471;1352;19;13;9;24;10;9;16;19;19;17;3;33;51;143;116;212;308;280;268;259;212;185;83;66;62;90;93;89;67;27;10;11;19;56;83;33;194;1655;334;334;115
201912;04051549;04;05;15;49;1;1318;740;578;19;3;9;34;13;3;13;28;30;29;13;31;37;63;38;99;168;140;124;106;93;66;37;13;27;15;30;21;9;3;4;0;19;59;116;31;100;768;116;93;16
201912;04051550;04;05;15;50;1;1501;789;712;3;3;19;18;7;12;6;21;12;9;7;9;37;100;68;109;184;163;139;123;100;83;34;32;30;50;53;31;18;12;3;6;3;47;67;9;137;886;149;164;39
201912;04051551;04;05;15;51;1;1165;597;568;3;3;3;6;6;6;13;10;6;21;6;12;28;80;63;92;119;103;101;96;91;69;44;28;19;22;42;32;20;6;9;6;3;18;62;12;108;665;141;115;41
201912;04051652;04;05;16;52;1;2513;1330;1183;13;13;16;27;9;19;20;27;40;25;10;59;74;125;97;157;288;239;228;219;171;168;86;38;51;67;100;47;43;19;12;6;13;65;141;59;199;1399;292;265;80
201912;04051653;04;05;16;53;1;1875;961;914;6;6;6;23;3;12;3;19;10;15;9;25;28;144;95;145;249;167;144;149;131;120;68;34;30;62;60;57;23;16;7;9;6;38;68;25;172;1080;222;209;55
201912;04051654;04;05;16;54;1;684;335;349;3;0;3;12;3;3;0;6;7;6;3;0;17;30;19;60;101;66;58;48;51;57;16;12;10;16;48;13;3;6;4;3;3;18;25;0;47;403;85;87;16
201912;04051655;04;05;16;55;1;1964;1012;952;6;7;15;25;16;12;6;25;31;19;4;46;50;131;72;140;266;212;181;162;135;96;56;35;27;46;57;24;33;16;6;7;6;63;97;46;181;1168;187;154;62
201912;04051656;04;05;16;56;1;1524;802;722;3;9;6;13;3;9;7;20;18;28;12;15;27;84;66;106;204;185;158;144;100;82;46;21;21;24;41;29;22;12;6;3;3;31;94;15;111;963;149;115;43
201912;04061757;04;06;17;57;2;14;11;3;0;0;0;0;0;0;0;0;0;0;0;0;8;3;0;0;0;0;0;0;0;0;3;0;0;0;0;0;0;0;0;0;0;0;0;0;11;0;3;0;0
201912;05010101;05;01;01;01;2;1541;764;777;15;13;16;35;15;12;18;30;31;25;10;25;51;98;64;122;184;161;139;145;85;74;26;26;15;33;37;15;18;3;0;0;15;79;126;25;149;900;126;100;21
201912;05010102;05;01;01;02;2;1934;999;935;23;28;27;59;17;22;18;38;40;24;15;53;45;162;101;171;280;202;165;140;98;63;27;9;26;22;39;12;4;4;0;0;23;131;157;53;207;1157;99;99;8
201912;05010103;05;01;01;03;2;702;360;342;6;4;16;6;3;3;12;10;9;13;7;0;12;33;31;43;61;62;89;71;41;28;24;17;11;24;22;19;10;12;0;3;6;29;54;0;45;398;69;76;25
201912;05010204;05;01;02;04;2;884;431;453;16;14;13;33;19;12;17;35;34;38;18;45;37;35;31;35;77;78;80;80;37;23;10;12;15;6;10;18;0;0;6;0;16;79;154;45;72;418;45;49;6
201912;05010205;05;01;02;05;2;251;120;131;0;3;0;3;3;0;7;0;3;6;0;9;4;26;9;18;27;19;12;15;20;6;10;6;0;9;9;15;3;9;0;0;0;9;16;9;30;120;22;33;12
201912;05010206;05;01;02;06;2;2447;1270;1177;28;38;37;71;47;34;31;61;69;63;21;75;62;150;100;154;278;236;210;198;143;115;49;24;33;21;45;25;23;6;0;0;28;193;279;75;212;1319;188;124;29
201912;05010207;05;01;02;07;2;2740;1360;1380;28;29;40;91;31;40;36;61;53;56;20;65;87;128;90;147;268;274;296;216;187;164;65;47;22;49;71;43;12;15;6;3;28;191;266;65;215;1478;276;185;36
201912;05010208;05;01;02;08;2;1674;864;810;15;28;22;30;22;24;12;35;33;15;12;28;50;106;84;140;213;188;126;127;92;89;33;37;21;35;15;21;12;9;0;0;15;102;131;28;156;970;159;92;21
201912;05010209;05;01;02;09;2;985;551;434;12;6;7;12;12;13;9;12;12;17;9;19;28;70;34;63;108;89;99;101;91;55;15;10;16;21;26;7;9;3;0;0;12;37;72;19;98;585;80;70;12
201912;05010310;05;01;03;10;2;964;498;466;9;12;15;25;12;9;10;25;9;9;6;18;33;60;41;78;113;89;116;70;84;30;20;9;7;7;15;24;6;3;0;0;9;64;68;18;93;591;59;53;9
201912;05010311;05;01;03;11;2;1381;687;694;6;20;6;34;9;12;9;40;23;20;15;33;37;60;45;76;131;131;131;158;82;90;31;24;7;26;54;43;19;9;0;0;6;69;119;33;97;754;145;130;28
201912;05010312;05;01;03;12;2;3119;1730;1389;36;43;27;93;21;40;33;79;74;72;25;76;118;214;126;195;388;319;266;238;199;142;68;32;30;30;80;28;12;15;0;0;36;184;323;76;332;1731;242;168;27
201912;05010313;05;01;03;13;2;1881;996;885;17;19;24;34;36;17;21;31;30;44;13;41;69;148;97;143;200;148;132;156;166;82;39;35;21;32;53;15;12;6;0;0;17;113;156;41;217;1042;156;121;18
201912;05010314;05;01;03;14;2;2803;1404;1399;19;32;21;38;30;12;31;40;52;28;22;63;56;189;111;163;342;313;251;228;204;186;49;37;42;78;68;47;38;7;6;0;19;121;185;63;245;1612;272;235;51
201912;05010339;05;01;03;39;2;608;341;267;10;14;16;38;10;22;22;39;41;16;15;33;30;22;13;38;59;42;37;26;24;16;3;0;3;9;7;3;0;0;0;0;10;78;155;33;52;239;19;22;0
201912;05020415;05;02;04;15;2;247;127;120;0;3;6;0;0;3;0;9;0;6;0;9;4;18;12;7;30;10;21;30;24;15;6;3;0;9;6;3;7;6;0;0;0;9;18;9;22;134;24;18;13
201912;05020416;05;02;04;16;2;24;15;9;0;0;0;0;0;0;0;0;0;0;0;0;0;0;0;0;0;3;3;3;0;6;0;3;0;0;6;0;0;0;0;0;0;0;0;0;0;9;9;6;0
201912;05020417;05;02;04;17;2;855;451;404;3;12;9;6;6;3;9;18;12;12;4;18;28;71;34;58;86;85;67;73;53;44;24;6;19;19;28;24;21;3;0;0;3;33;58;18;99;456;74;90;24
201912;05020418;05;02;04;18;2;716;401;315;12;6;12;22;3;15;7;9;31;15;6;23;15;55;39;49;84;81;76;25;40;33;15;6;0;21;13;0;0;3;0;0;12;43;83;23;70;394;54;34;3
201912;05020419;05;02;04;19;2;1235;606;629;6;24;19;31;27;24;24;19;24;32;12;25;45;70;40;95;161;120;104;89;56;61;30;15;16;12;33;9;9;0;3;0;6;101;135;25;115;665;106;70;12
201912;05020420;05;02;04;20;2;91;47;44;3;0;3;0;3;0;0;8;3;0;0;0;3;9;0;6;9;4;3;9;9;3;0;0;3;0;6;7;0;0;0;0;3;6;11;0;12;40;3;16;0
201912;05020521;05;02;05;21;2;322;166;156;6;0;3;12;6;6;0;9;3;3;0;9;0;13;15;12;33;42;28;42;25;9;13;3;5;3;7;12;3;0;0;0;6;21;21;9;13;197;25;27;3
201912;05020522;05;02;05;22;2;2388;1183;1205;33;43;37;105;34;38;34;77;73;76;21;78;61;117;62;128;250;242;239;190;159;111;36;13;18;30;37;15;18;13;0;0;33;219;319;78;178;1270;160;100;31
201912;05020523;05;02;05;23;2;4090;2039;2051;39;65;89;169;54;51;56;146;123;105;58;137;118;265;134;221;409;407;394;291;240;194;74;46;27;38;59;48;18;15;0;0;39;377;539;137;383;2096;314;172;33
201912;05020524;05;02;05;24;2;689;361;328;3;6;9;16;12;0;6;0;6;9;6;9;22;52;29;69;59;66;59;67;59;44;19;9;12;16;9;4;12;0;0;0;3;43;27;9;74;408;72;41;12
201912;05020625;05;02;06;25;2;1797;1015;782;19;19;19;41;7;16;19;29;28;33;9;37;95;167;85;104;214;198;131;149;87;94;28;22;21;28;40;31;20;7;0;0;19;86;134;37;262;968;144;120;27
201912;05020626;05;02;06;26;2;4060;2117;1943;48;49;36;81;47;42;39;84;64;79;52;93;121;230;154;320;526;437;361;353;238;227;70;45;31;58;83;50;33;6;3;0;48;213;360;93;351;2389;342;222;42
201912;05020627;05;02;06;27;2;1284;710;574;14;13;18;25;21;25;22;28;40;32;10;39;62;113;55;72;146;120;107;104;84;51;15;18;6;12;22;3;0;7;0;0;14;77;157;39;175;688;84;43;7
201912;05020628;05;02;06;28;2;242;106;136;0;3;0;3;3;3;0;9;7;3;7;12;4;12;3;11;21;27;29;17;19;12;9;0;3;0;15;3;7;0;0;0;0;9;29;12;16;127;21;21;7
201912;05020629;05;02;06;29;2;334;158;176;0;6;0;0;8;0;0;0;3;0;0;3;10;11;10;17;30;31;36;34;38;18;20;3;7;12;9;17;7;4;0;0;0;14;3;3;21;196;41;45;11
201912;05030730;05;03;07;30;2;775;372;403;3;3;6;12;9;3;10;17;19;9;4;21;6;37;15;35;46;114;108;91;58;49;3;8;7;12;38;23;6;0;3;0;3;30;62;21;43;467;60;80;9
201912;05030731;05;03;07;31;2;2439;1157;1282;15;28;24;44;23;24;21;32;48;29;12;37;63;107;88;169;263;263;253;229;166;147;71;59;41;52;69;25;25;12;0;0;15;119;166;37;170;1431;277;187;37
201912;05030832;05;03;08;32;2;3374;1789;1585;26;31;27;57;28;28;31;67;66;40;27;72;97;232;140;213;391;353;315;266;218;157;83;50;58;64;121;58;34;16;8;0;26;143;259;72;329;1896;290;301;58
201912;05030833;05;03;08;33;2;117;59;58;0;0;3;0;0;0;0;0;0;5;3;3;3;10;6;12;13;6;9;12;0;0;9;0;0;10;13;0;0;0;0;0;0;3;8;3;13;58;9;23;0
201912;05040934;05;04;09;34;2;494;273;221;3;6;12;15;9;0;12;20;9;16;7;21;22;24;23;39;47;39;43;30;19;12;6;12;9;3;9;15;3;3;6;0;3;42;64;21;46;240;30;36;12
201912;05040935;05;04;09;35;2;67;45;22;6;0;0;0;0;0;0;0;0;0;0;0;3;3;3;0;7;14;0;6;12;7;0;0;0;3;3;0;0;0;0;0;6;0;0;0;6;42;7;6;0
201912;05040936;05;04;09;36;2;581;275;306;0;0;0;10;3;7;6;9;4;9;6;16;10;12;6;30;48;47;56;85;51;48;17;18;10;16;29;9;7;9;3;0;0;13;41;16;22;323;83;64;19
201912;05040937;05;04;09;37;2;126;49;77;0;0;0;0;0;0;0;0;0;3;0;0;3;6;7;7;9;12;15;6;6;12;7;3;6;6;6;3;6;3;0;0;0;0;3;0;9;62;22;21;9
201912;05040938;05;04;09;38;2;203;92;111;0;0;0;3;0;0;0;3;6;4;3;9;10;12;12;7;13;13;21;18;18;20;4;6;0;9;0;3;6;3;0;0;0;3;16;9;22;102;30;12;9
201912;06010101;06;01;01;01;2;949;469;480;3;3;3;6;6;3;9;3;22;15;6;15;37;66;34;62;95;90;73;84;69;84;25;24;12;9;35;22;25;3;6;0;3;18;58;15;103;507;133;78;34
201912;06010102;06;01;01;02;2;1724;814;910;6;10;12;19;7;9;10;21;13;12;10;29;38;87;76;121;190;209;131;145;137;106;60;54;28;47;51;50;12;9;6;9;6;48;75;29;125;1009;220;176;36
201912;06010103;06;01;01;03;2;1071;557;514;6;0;3;6;7;6;0;9;6;6;0;12;30;73;58;72;131;100;113;79;106;50;22;12;34;28;52;22;13;3;6;6;6;16;27;12;103;659;84;136;28
201912;06010204;06;01;02;04;2;1191;621;570;3;12;9;25;0;15;6;12;12;15;0;12;19;101;55;73;144;112;92;114;97;71;29;16;12;22;58;24;15;7;3;6;3;46;60;12;120;687;116;116;31
201912;06010205;06;01;02;05;2;1675;827;848;15;14;22;16;19;9;6;13;16;13;12;6;28;104;96;126;230;199;128;152;147;93;37;18;30;49;30;18;13;10;3;3;15;71;69;6;132;1078;148;127;29
201912;06010206;06;01;02;06;2;1224;603;621;6;3;3;10;3;6;4;6;18;12;6;27;32;79;40;78;141;129;121;100;84;65;30;27;18;50;58;25;25;12;3;3;6;19;52;27;111;693;122;151;43
201912;06010207;06;01;02;07;2;1461;732;729;12;15;0;16;3;13;13;21;14;15;10;17;27;86;68;103;183;159;140;112;116;79;55;27;30;38;46;25;9;6;0;3;12;34;86;17;113;881;161;139;18
201912;06010208;06;01;02;08;2;1108;543;565;9;3;3;18;3;6;4;11;6;19;3;0;23;44;52;76;163;103;113;89;83;70;37;30;13;26;54;28;9;10;0;0;9;27;49;0;67;679;137;121;19
201912;06010209;06;01;02;09;2;1762;827;935;16;7;20;22;13;9;10;22;10;6;13;27;30;87;68;138;240;171;183;132;127;106;60;35;25;40;57;60;16;9;3;0;16;62;70;27;117;1059;201;182;28
201912;06010210;06;01;02;10;2;749;364;385;9;0;6;7;9;3;3;10;9;6;3;6;16;41;25;53;75;82;64;73;68;43;24;11;6;22;32;12;18;0;7;6;9;22;34;6;57;440;78;72;31
201912;06020301;06;02;03;01;2;568;271;297;6;3;0;0;3;3;3;7;10;7;3;6;11;37;25;37;55;53;69;51;34;41;16;12;9;18;21;6;12;6;0;4;6;6;33;6;48;324;69;54;22
201912;06020302;06;02;03;02;2;1098;611;487;15;7;10;22;13;13;11;19;18;14;3;28;36;114;52;84;108;98;100;98;50;37;18;12;16;29;19;28;10;13;3;0;15;52;78;28;150;590;67;92;26
201912;06020303;06;02;03;03;2;1194;619;575;3;10;18;9;9;7;0;10;20;15;6;11;31;58;49;68;164;143;122;102;68;96;39;25;6;30;37;22;10;6;0;0;3;46;58;11;89;716;160;95;16
201912;06020304;06;02;03;04;2;1089;525;564;13;9;3;15;0;3;7;13;9;15;4;6;30;76;36;84;153;112;112;77;77;65;27;18;12;32;41;12;3;17;4;4;13;27;51;6;106;651;110;97;28
201912;06020305;06;02;03;05;2;2101;1042;1059;6;9;10;21;10;6;15;28;28;20;13;29;82;233;123;157;228;232;197;154;129;70;47;34;32;34;56;47;36;9;3;3;6;50;110;29;315;1220;151;169;51
201912;06020306;06;02;03;06;2;557;283;274;3;6;0;6;0;7;3;0;0;3;6;6;28;44;22;36;51;65;40;50;53;39;12;0;10;3;20;25;19;0;0;0;3;12;19;6;72;317;51;58;19
201912;06020407;06;02;04;07;2;1214;612;602;4;9;7;9;10;6;4;25;19;9;9;31;15;53;65;94;167;117;114;96;92;72;27;33;9;31;49;26;6;3;0;3;4;35;72;31;68;745;132;115;12
201912;06020408;06;02;04;08;2;1080;548;532;7;13;9;25;10;6;10;24;9;9;15;23;47;77;53;73;126;97;95;93;76;51;37;13;9;16;6;24;21;6;0;0;7;57;73;23;124;613;101;55;27
201912;06020409;06;02;04;09;2;1256;629;627;13;12;9;33;3;13;12;30;6;16;3;30;43;86;50;74;140;143;107;93;89;48;27;28;10;26;33;22;26;10;9;12;13;57;80;30;129;696;103;91;57
201912;06020410;06;02;04;10;2;843;455;388;0;9;3;12;12;4;3;9;22;0;3;9;49;62;34;70;85;71;68;49;42;48;34;15;26;18;48;25;0;7;3;3;0;36;41;9;111;419;97;117;13
201912;06020411;06;02;04;11;2;1074;510;564;9;7;18;25;12;3;12;14;22;31;6;30;32;65;37;53;93;137;94;95;72;54;24;12;15;24;22;30;16;4;3;3;9;62;88;30;97;581;90;91;26
201912;06030501;06;03;05;01;2;862;499;363;8;3;6;16;3;0;13;9;12;13;7;18;34;95;61;66;74;82;88;56;54;49;12;12;13;13;24;9;6;0;3;3;8;28;54;18;129;481;73;59;12
201912;06030502;06;03;05;02;2;730;349;381;0;11;11;15;10;3;6;9;36;16;6;18;22;49;22;46;77;63;53;66;51;37;13;21;9;19;12;16;3;3;3;4;0;47;76;18;71;378;71;56;13
201912;06030503;06;03;05;03;2;1817;878;939;9;9;9;34;12;21;15;28;25;33;13;29;49;98;60;114;192;155;195;167;123;119;51;30;38;41;56;32;32;10;6;12;9;64;135;29;147;1006;200;167;60
201912;06030504;06;03;05;04;2;1275;624;651;6;15;9;12;13;6;15;12;21;11;3;25;55;46;46;57;129;116;106;110;114;69;58;22;24;38;47;51;27;6;6;0;6;49;68;25;101;678;149;160;39
201912;06030605;06;03;06;05;2;1082;556;526;3;9;9;9;9;6;0;6;13;6;6;9;25;59;53;90;119;114;105;107;74;74;48;28;12;43;15;16;12;0;3;0;3;36;37;9;84;662;150;86;15
201912;06030606;06;03;06;06;2;1408;763;645;16;12;13;42;24;21;22;29;47;34;15;49;48;105;58;93;138;119;123;98;55;82;32;12;18;18;31;24;18;6;6;0;16;91;168;49;153;684;126;91;30
201912;06030607;06;03;06;07;2;840;426;414;6;3;0;3;3;0;6;13;0;9;3;3;58;193;96;110;78;48;47;38;17;23;6;14;11;12;9;12;3;13;0;3;6;9;31;3;251;434;43;44;19
201912;06030608;06;03;06;08;2;1876;1028;848;12;12;9;44;15;21;15;44;41;36;10;54;79;119;76;108;196;193;183;152;132;91;39;19;21;34;54;25;30;12;0;0;12;80;167;54;198;1040;149;134;42
201912;06030609;06;03;06;09;2;1666;820;846;9;7;12;20;9;10;26;27;21;9;3;29;45;100;74;116;204;161;143;147;145;101;50;20;21;27;64;29;6;10;11;10;9;48;96;29;145;990;171;141;37
201912;06030610;06;03;06;10;2;1077;500;577;6;13;9;10;0;3;0;19;19;24;10;20;15;64;33;49;144;126;71;100;84;59;34;9;21;16;44;24;36;8;0;7;6;32;75;20;79;607;102;105;51
201912;06040701;06;04;07;01;2;1335;677;658;9;7;7;7;10;12;10;21;14;13;7;30;42;87;49;92;108;109;111;111;119;79;45;23;32;43;63;26;19;9;12;9;9;31;77;30;129;699;147;164;49
201912;06040702;06;04;07;02;2;669;359;310;3;3;6;16;6;11;3;12;9;14;0;9;39;43;17;44;51;81;57;37;55;38;21;9;3;17;25;15;13;6;6;0;3;31;49;9;82;342;68;60;25
201912;06040703;06;04;07;03;2;2259;1200;1059;6;10;3;10;6;6;6;6;12;4;9;16;141;429;260;284;257;135;127;119;106;71;33;30;21;30;54;31;19;12;3;3;6;29;43;16;570;1288;134;136;37
201912;06040804;06;04;08;04;2;687;298;389;4;3;7;6;0;6;0;10;3;0;3;15;23;40;21;41;40;49;53;70;73;58;27;19;15;13;48;15;9;3;3;10;4;16;22;15;63;347;104;91;25
201912;06040805;06;04;08;05;2;589;295;294;0;6;0;12;3;4;9;6;3;9;0;12;9;34;22;21;59;49;63;56;33;37;21;3;22;25;34;21;7;0;3;6;0;21;31;12;43;303;61;102;16
201912;06040806;06;04;08;06;2;628;272;356;0;0;3;0;8;0;0;6;6;12;0;13;25;36;37;49;66;50;42;58;45;33;31;21;0;16;36;13;10;6;0;6;0;11;24;13;61;347;85;65;22
201912;06040807;06;04;08;07;2;745;348;397;3;0;6;10;4;6;10;3;10;14;3;10;12;44;16;43;88;85;40;70;65;62;15;9;9;35;25;16;16;10;3;3;3;20;46;10;56;407;86;85;32
201912;06040808;06;04;08;08;2;682;306;376;3;0;3;22;3;6;3;9;13;17;3;15;13;36;19;19;28;77;76;85;68;47;27;9;6;18;17;20;13;4;3;0;3;28;51;15;49;372;83;61;20
201912;06040809;06;04;08;09;2;952;469;483;0;9;0;6;0;3;9;9;11;9;7;13;31;61;22;49;84;97;74;72;77;65;33;17;30;31;37;41;28;12;12;3;0;15;48;13;92;475;115;139;55
201912;06040810;06;04;08;10;2;1275;596;679;3;3;6;16;7;7;9;22;9;20;6;42;67;80;69;79;129;102;99;104;95;78;31;30;17;24;41;23;15;18;12;12;3;32;73;42;147;677;139;105;57
201912;07010101;07;01;01;01;1;3127;1691;1436;23;15;27;43;20;10;20;45;26;33;13;31;72;197;128;228;340;273;311;249;236;218;110;67;67;66;118;74;38;19;6;4;23;105;147;31;269;1765;395;325;67
201912;07010102;07;01;01;02;1;5870;3155;2715;21;32;34;87;30;43;41;71;61;68;22;91;139;385;275;408;691;562;459;497;449;387;171;113;85;118;216;138;95;56;12;13;21;183;306;91;524;3341;671;557;176
201912;07010103;07;01;01;03;1;2530;1356;1174;12;12;15;23;10;3;6;23;19;12;7;36;46;183;157;216;344;259;237;196;174;134;67;61;54;59;74;60;22;9;0;0;12;60;70;36;229;1583;262;247;31
201912;07010104;07;01;01;04;1;4606;2364;2242;22;16;13;33;17;9;19;28;42;39;19;41;99;261;205;305;569;464;366;416;351;285;152;102;75;105;243;129;97;49;22;13;22;79;156;41;360;2676;539;552;181
201912;07020201;07;02;02;01;1;2069;1047;1022;6;10;12;22;0;12;13;18;9;12;6;24;31;100;104;175;279;209;192;151;179;124;45;28;41;51;99;68;28;12;3;6;6;44;70;24;131;1289;197;259;49
201912;07020202;07;02;02;02;1;2898;1575;1323;11;23;26;23;18;13;13;30;41;18;6;46;71;195;145;262;431;336;291;225;183;155;76;31;37;15;85;48;16;18;10;0;11;90;121;46;266;1873;262;185;44
201912;07020203;07;02;02;03;1;4663;2422;2241;17;21;15;34;15;12;21;34;33;28;15;42;105;289;211;384;688;501;392;382;350;263;144;93;85;109;162;115;67;27;6;3;17;85;143;42;394;2908;500;471;103
201912;07020204;07;02;02;04;1;2617;1354;1263;3;4;6;15;10;13;3;15;6;6;6;24;88;217;120;272;401;286;210;194;176;152;64;41;39;66;70;54;34;10;9;3;3;35;49;24;305;1659;257;229;56
201912;07030301;07;03;03;01;1;3922;1872;2050;22;28;15;45;17;31;16;41;46;26;24;39;123;314;191;362;473;396;362;334;269;196;96;70;53;83;104;72;37;30;7;0;22;105;184;39;437;2387;362;312;74
201912;07030302;07;03;03;02;1;1607;793;814;9;9;6;17;6;0;0;22;13;21;3;18;29;128;92;152;197;161;131;128;96;83;42;26;40;39;54;46;27;0;9;3;9;38;59;18;157;957;151;179;39
201912;07030303;07;03;03;03;1;2758;1402;1356;7;13;10;25;18;7;10;18;22;12;13;43;61;173;118;180;312;294;268;249;218;203;77;51;32;50;124;76;44;13;10;7;7;66;82;43;234;1639;331;282;74
201912;07040401;07;04;04;01;2;3287;1626;1661;13;15;19;38;12;6;18;24;25;23;9;17;54;184;127;254;418;377;320;282;271;170;100;77;55;76;120;86;44;30;10;13;13;84;105;17;238;2049;347;337;97
201912;07040402;07;04;04;02;2;236;122;114;0;3;0;4;0;0;0;3;3;0;0;3;7;12;0;19;20;32;26;35;12;13;3;13;6;10;6;0;3;0;3;0;0;7;6;3;19;144;29;22;6
201912;07040403;07;04;04;03;2;5261;2813;2448;26;43;40;54;34;44;25;66;64;76;23;65;131;358;243;465;702;589;468;403;369;255;119;66;83;87;143;101;67;37;9;6;26;171;298;65;489;3239;440;414;119
201912;07040404;07;04;04;04;2;681;344;337;6;10;6;3;3;3;3;5;6;0;3;6;17;42;44;50;79;56;53;63;48;39;17;12;6;21;28;31;9;9;3;0;6;22;20;6;59;393;68;86;21
201912;07040405;07;04;04;05;2;3011;1625;1386;19;25;22;58;30;35;21;58;54;41;33;72;93;213;141;233;386;287;252;260;173;170;44;34;35;49;62;40;43;16;12;0;19;135;242;72;306;1732;248;186;71
201912;07040406;07;04;04;06;2;1468;795;673;14;10;20;25;3;16;19;25;20;24;6;24;24;74;91;152;245;157;99;110;97;76;49;7;12;17;25;12;15;0;0;0;14;58;110;24;98;951;132;66;15
201912;07050501;07;05;05;01;2;3737;1909;1828;34;41;30;49;19;25;18;56;50;44;23;75;94;232;181;317;471;404;311;319;218;193;85;72;54;77;124;60;27;19;15;0;34;139;216;75;326;2221;350;315;61
201912;07050502;07;05;05;02;2;1875;997;878;16;6;20;47;15;13;18;25;33;31;12;44;61;110;75;137;219;166;174;189;152;107;42;24;25;26;36;13;21;9;6;3;16;88;132;44;171;1112;173;100;39
201912;07050503;07;05;05;03;2;1476;763;713;19;3;10;12;3;12;12;3;19;13;3;27;35;74;44;124;174;167;130;137;91;103;44;21;19;42;67;38;18;12;0;0;19;28;62;27;109;867;168;166;30
201912;07050504;07;05;05;04;2;855;424;431;0;10;6;13;4;3;7;9;13;13;3;12;19;46;33;54;113;69;80;73;64;54;38;15;15;13;37;15;12;6;6;0;0;33;48;12;65;486;107;80;24
201912;07050505;07;05;05;05;2;1470;751;719;10;12;9;24;9;13;13;15;24;13;9;27;46;106;55;101;171;141;138;132;126;66;38;27;13;18;53;40;12;3;0;6;10;54;87;27;152;864;131;124;21
201912;07050506;07;05;05;06;2;226;116;110;0;0;3;3;4;0;0;6;0;0;0;0;0;17;3;19;24;30;27;18;15;14;3;6;10;3;12;6;3;0;0;0;0;10;6;0;17;136;23;31;3
201912;07060601;07;06;06;01;2;2424;1300;1124;16;22;29;86;39;29;44;85;80;82;28;111;91;167;101;148;194;247;212;149;156;109;33;23;20;30;51;14;22;3;3;0;16;176;348;111;258;1207;165;115;28
201912;07060602;07;06;06;02;2;536;281;255;3;9;9;3;0;4;6;3;13;6;0;6;9;19;27;40;71;50;37;67;33;36;12;0;7;15;24;12;9;0;6;0;3;21;32;6;28;325;48;58;15
201912;07060603;07;06;06;03;2;484;243;241;6;3;0;6;6;6;9;7;11;12;7;12;21;21;9;28;33;46;61;64;33;18;9;7;9;16;9;6;6;0;3;0;6;15;52;12;42;274;34;40;9
201912;07060604;07;06;06;04;2;2236;1110;1126;15;21;26;38;18;21;22;35;27;29;25;29;65;131;81;99;266;237;257;191;169;122;54;46;22;41;56;42;33;18;0;0;15;103;159;29;196;1300;222;161;51
201912;07070701;07;07;07;01;2;1084;540;544;3;12;12;25;3;3;9;19;17;6;7;19;33;71;48;56;90;118;129;102;78;61;24;9;28;34;43;7;15;3;0;0;3;52;61;19;104;621;94;112;18
201912;07070702;07;07;07;02;2;944;457;487;9;6;10;10;10;3;9;12;12;12;9;19;19;34;37;48;120;89;83;106;68;54;41;25;15;16;43;12;7;3;3;0;9;36;57;19;53;551;120;86;13
201912;07070703;07;07;07;03;2;1046;509;537;14;9;3;22;14;6;4;9;29;10;10;20;33;63;22;53;110;124;82;92;88;49;43;15;18;28;32;23;12;6;3;0;14;48;68;20;96;571;107;101;21
201912;07070704;07;07;07;04;2;1926;995;931;28;43;28;68;26;31;32;73;56;71;37;94;90;95;58;86;145;177;190;136;126;75;28;18;12;23;31;21;18;4;3;3;28;165;300;94;185;918;121;87;28
201912;07070705;07;07;07;05;2;588;283;305;4;3;3;3;0;12;0;3;3;3;3;16;13;51;21;25;74;61;50;54;49;45;15;18;15;6;15;6;10;7;0;0;4;9;24;16;64;334;78;42;17
201912;07070706;07;07;07;06;2;504;283;221;6;10;6;12;15;9;3;15;15;13;7;19;10;41;28;46;59;43;35;24;21;23;12;0;7;3;15;0;7;0;0;0;6;43;62;19;51;256;35;25;7
201912;07070707;07;07;07;07;2;275;120;155;7;9;0;0;0;6;0;7;6;6;3;0;9;13;9;13;34;22;28;23;22;12;3;6;0;6;12;13;0;3;0;3;7;9;28;0;22;151;21;31;6
201912;08010115;08;01;01;15;1;249;148;101;0;0;3;6;0;6;4;0;0;0;0;0;0;12;9;23;53;34;12;18;15;13;13;0;7;12;3;0;3;0;3;0;0;9;10;0;12;164;26;22;6
201912;08010116;08;01;01;16;1;1447;783;664;6;3;6;17;3;3;0;6;13;3;9;3;33;84;82;141;226;164;139;122;95;78;43;22;17;29;40;29;22;9;0;0;6;29;34;3;117;969;143;115;31
201912;08010117;08;01;01;17;1;5495;2943;2552;27;20;28;30;9;22;18;44;22;39;9;52;101;256;243;556;1092;779;551;416;323;234;96;72;61;94;152;79;57;6;3;4;27;87;154;52;357;3960;402;386;70
201912;08010118;08;01;01;18;1;4418;2339;2079;21;25;21;57;33;24;29;59;59;55;28;64;90;269;207;422;655;530;435;313;319;226;89;56;27;66;106;69;31;21;9;3;21;136;254;64;359;2881;371;268;64
201912;08010211;08;01;02;11;1;3825;2008;1817;3;14;13;31;22;16;16;25;34;41;6;50;50;165;178;396;647;484;332;297;245;248;93;76;48;29;87;109;45;15;10;0;3;80;138;50;215;2579;417;273;70
201912;08010212;08;01;02;12;1;2521;1289;1232;18;6;19;22;12;6;12;21;12;32;12;31;71;111;57;185;293;283;239;263;189;151;68;61;50;69;96;74;33;25;0;0;18;59;95;31;182;1509;280;289;58
201912;08010213;08;01;02;13;1;4292;2243;2049;15;23;26;58;28;24;23;48;47;22;13;52;90;247;232;399;678;533;398;349;300;197;85;58;32;67;110;71;42;22;3;0;15;135;177;52;337;2889;340;280;67
201912;08010214;08;01;02;14;1;3313;1764;1549;21;15;9;51;19;24;34;46;26;42;23;56;105;207;178;264;504;335;306;245;241;180;83;39;47;56;73;35;30;13;3;3;21;94;195;56;312;2073;302;211;49
201912;08010301;08;01;03;01;1;8757;4541;4216;27;31;35;58;27;24;24;43;50;44;19;42;101;401;423;839;1683;1379;929;643;528;418;150;88;115;147;235;143;78;30;3;0;27;151;204;42;502;6424;656;640;111
201912;08010302;08;01;03;02;1;867;430;437;6;3;3;7;3;6;0;4;6;10;3;6;13;44;36;91;141;97;84;82;47;49;28;17;13;15;21;17;9;6;0;0;6;16;29;6;57;578;94;66;15
201912;08010303;08;01;03;03;1;3405;1796;1609;12;20;6;40;21;15;27;31;29;26;13;48;59;179;150;325;602;449;334;256;214;156;61;53;31;55;85;53;42;4;3;6;12;87;141;48;238;2330;270;224;55
201912;08010404;08;01;04;04;1;8049;4307;3742;27;55;38;83;48;39;43;78;89;51;41;113;154;411;421;767;1398;1020;730;581;481;406;163;93;104;141;204;153;73;31;7;6;27;224;341;113;565;5398;662;602;117
201912;08010405;08;01;04;05;1;2761;1437;1324;12;9;12;32;15;12;13;30;33;28;12;26;49;146;137;271;500;400;246;215;157;142;51;44;36;35;54;16;22;3;0;3;12;68;128;26;195;1926;237;141;28
201912;08010406;08;01;04;06;1;2813;1510;1303;31;34;37;73;31;32;30;64;52;47;18;74;81;159;121;258;401;315;287;182;137;116;41;45;21;34;36;39;13;0;4;0;31;175;243;74;240;1701;202;130;17
201912;08010407;08;01;04;07;1;236;131;105;0;0;0;0;0;0;0;0;0;3;0;0;3;16;15;24;51;30;21;26;12;12;3;7;0;0;0;9;4;0;0;0;0;0;3;0;19;179;22;9;4
201912;08010508;08;01;05;08;1;2075;1105;970;15;10;13;37;19;16;12;25;24;22;13;29;51;153;76;168;287;209;180;184;168;129;40;25;18;35;39;39;24;9;0;6;15;79;112;29;204;1272;194;131;39
201912;08010509;08;01;05;09;1;2702;1409;1293;9;20;22;31;22;16;28;43;41;38;14;52;60;121;71;151;302;300;290;275;257;172;55;44;37;55;61;63;45;7;0;0;9;95;180;52;181;1646;271;216;52
201912;08010510;08;01;05;10;1;248;157;91;6;0;6;0;0;0;0;3;0;6;3;3;3;30;9;26;28;35;16;22;13;33;0;0;0;0;3;3;0;0;0;0;6;6;12;3;33;149;33;6;0
201912;08020619;08;02;06;19;2;3866;2174;1692;42;36;41;74;46;37;39;80;76;69;30;59;122;273;172;357;489;381;352;298;276;183;63;40;33;45;66;48;21;9;6;3;42;197;331;59;395;2325;286;192;39
201912;08020620;08;02;06;20;2;2092;1081;1011;10;9;18;13;12;11;15;19;26;13;9;34;54;126;100;147;276;232;210;190;151;126;65;38;27;31;65;34;19;12;0;0;10;52;93;34;180;1306;229;157;31
201912;08020621;08;02;06;21;2;197;95;102;3;0;0;0;0;0;3;0;3;0;0;0;3;13;6;9;18;20;9;12;19;19;12;13;9;8;3;6;3;3;3;0;3;0;6;0;16;93;44;26;9
201912;08020622;08;02;06;22;2;1958;977;981;9;18;9;18;13;16;6;21;18;12;7;37;39;92;76;159;270;195;181;167;148;135;57;21;18;46;82;49;22;11;6;0;9;58;80;37;131;1196;213;195;39
201912;08020623;08;02;06;23;2;171;81;90;0;0;0;3;0;0;0;0;3;0;0;3;10;4;3;12;19;17;15;27;16;9;6;0;3;0;7;11;0;3;0;0;0;3;3;3;14;109;15;21;3
201912;08020624;08;02;06;24;2;170;81;89;0;0;0;0;0;3;0;6;0;0;0;0;3;7;7;9;18;18;13;15;23;15;4;3;0;3;20;0;0;3;0;0;0;0;9;0;10;103;22;23;3
201912;08020625;08;02;06;25;2;520;290;230;0;0;3;12;0;3;3;0;6;0;3;7;6;40;25;37;50;56;56;34;55;29;15;6;12;18;25;13;3;0;0;3;0;15;15;7;46;313;50;68;6
201912;08020726;08;02;07;26;2;983;488;495;6;9;12;7;6;9;0;3;13;4;6;13;18;78;50;52;115;111;73;89;65;59;25;22;12;30;38;28;18;12;0;0;6;34;35;13;96;555;106;108;30
201912;08020727;08;02;07;27;2;1791;957;834;13;15;13;32;15;17;12;40;39;41;12;69;61;107;75;132;201;169;184;157;146;71;40;18;21;9;25;48;6;3;0;0;13;75;161;69;168;1064;129;103;9
201912;08020728;08;02;07;28;2;2000;1075;925;8;21;25;38;21;12;15;23;27;37;14;39;64;168;91;166;243;207;178;175;134;93;31;26;15;36;34;23;21;9;6;0;8;105;128;39;232;1194;150;108;36
201912;08030829;08;03;08;29;2;2684;1358;1326;23;22;19;32;21;12;12;46;29;28;13;46;76;117;82;191;301;249;267;226;247;175;97;66;40;58;59;74;41;12;3;0;23;94;140;46;193;1563;338;231;56
201912;08030830;08;03;08;30;2;1194;606;588;12;3;9;9;3;6;0;13;7;10;3;6;15;66;47;73;148;101;129;106;99;94;36;30;22;27;48;38;22;9;3;0;12;24;39;6;81;703;160;135;34
201912;08030831;08;03;08;31;2;3803;1895;1908;24;26;21;40;19;19;31;33;45;50;29;70;89;202;126;228;374;400;399;370;335;280;118;55;60;65;118;85;53;29;6;4;24;106;207;70;291;2232;453;328;92
201912;08040932;08;04;09;32;2;377;171;206;9;0;3;10;0;3;9;3;18;9;0;3;8;18;13;11;43;43;56;38;19;22;12;13;4;4;6;0;0;0;0;0;9;13;42;3;26;223;47;14;0
201912;08040933;08;04;09;33;2;604;309;295;0;3;12;10;3;0;7;12;3;3;0;9;9;25;39;34;57;67;59;58;56;34;18;12;9;10;15;18;13;9;0;0;0;28;25;9;34;370;64;52;22
201912;08040934;08;04;09;34;2;363;182;181;0;3;0;6;0;3;0;3;3;6;0;22;16;25;18;24;38;37;21;24;51;21;9;3;9;9;6;0;6;0;0;0;0;9;15;22;41;213;33;24;6
201912;08041035;08;04;10;35;2;1280;682;598;9;19;12;13;3;9;6;14;15;17;12;28;49;80;45;77;130;160;93;138;97;69;21;16;21;28;36;29;25;9;0;0;9;47;73;28;129;740;106;114;34
201912;08041036;08;04;10;36;2;700;351;349;3;0;3;4;0;9;3;3;12;15;6;12;27;38;21;32;71;66;68;53;63;54;21;10;16;18;24;18;18;6;6;0;3;7;48;12;65;374;85;76;30
201912;08041037;08;04;10;37;2;1296;687;609;15;14;6;18;12;10;16;22;18;9;4;36;32;82;62;93;134;106;127;113;90;72;36;23;9;24;42;47;15;9;0;0;15;50;79;36;114;725;131;122;24
201912;08041038;08;04;10;38;2;537;289;248;6;0;0;3;0;6;0;6;0;3;0;6;9;30;16;27;53;35;68;67;58;31;21;14;12;19;12;23;9;3;0;0;6;3;15;6;39;324;66;66;12
201912;08041039;08;04;10;39;2;403;181;222;0;3;0;6;9;0;0;6;6;13;6;9;3;19;9;17;33;48;58;53;46;22;6;3;0;10;3;9;6;0;0;0;0;18;31;9;22;264;31;22;6
201912;08041040;08;04;10;40;2;838;434;404;4;0;12;10;3;3;3;22;9;16;6;16;19;56;19;59;76;75;71;84;76;56;18;16;6;32;22;19;18;12;0;0;4;25;59;16;75;460;90;79;30
201912;09010101;09;01;01;01;2;2497;1308;1189;6;22;18;27;12;12;16;20;15;3;9;29;45;136;135;278;518;405;259;173;164;83;34;12;12;25;14;9;3;3;0;0;6;79;75;29;181;1932;129;60;6
201912;09010102;09;01;01;02;2;13;10;3;0;3;0;0;0;0;0;0;0;0;0;0;0;0;0;7;0;0;3;0;0;0;0;0;0;0;0;0;0;0;0;0;0;3;0;0;0;10;0;0;0
201912;09010201;09;01;02;01;2;431;225;206;3;3;3;3;3;0;6;3;6;3;0;0;13;21;25;40;68;67;59;32;26;19;12;3;4;0;3;0;0;6;0;0;3;12;18;0;34;317;34;7;6
201912;09010202;09;01;02;02;2;838;441;397;6;9;12;18;7;7;6;0;9;10;3;9;19;79;55;115;166;96;75;51;30;22;3;9;3;0;7;6;6;0;0;0;6;46;35;9;98;588;34;16;6
201912;09010301;09;01;03;01;2;1579;840;739;6;7;11;18;6;12;7;8;16;13;3;10;42;120;105;208;329;192;136;94;80;53;28;18;12;23;6;9;7;0;0;0;6;42;59;10;162;1144;99;50;7
201912;09010302;09;01;03;02;2;518;274;244;6;12;9;21;6;9;10;17;12;21;16;35;12;21;14;12;51;59;42;43;28;27;3;3;0;0;3;13;13;0;0;0;6;48;85;35;33;249;33;16;13
201912;09010401;09;01;04;01;2;563;287;276;21;3;3;22;8;3;0;7;3;10;0;9;16;40;49;69;109;75;25;28;28;6;6;7;6;3;0;7;0;0;0;0;21;36;23;9;56;383;19;16;0
201912;09010402;09;01;04;02;2;893;463;430;12;10;6;18;9;3;9;12;6;13;0;19;17;76;49;105;116;87;90;69;53;42;13;6;3;7;16;10;13;4;0;0;12;43;43;19;93;569;61;36;17
201912;09020501;09;02;05;01;2;1805;1019;786;21;19;21;55;25;14;6;43;25;31;18;36;97;160;109;233;319;195;122;104;63;48;6;9;10;7;9;0;0;0;0;0;21;120;137;36;257;1145;63;26;0
201912;09020502;09;02;05;02;2;2493;1290;1203;33;40;34;65;40;31;30;37;39;41;24;43;157;263;171;223;333;287;172;140;111;87;30;12;10;12;18;4;3;3;0;0;33;179;202;43;420;1437;129;44;6
201912;09020601;09;02;06;01;2;2162;1240;922;23;23;32;59;12;24;15;45;54;41;22;57;113;264;121;249;320;258;139;111;75;37;13;9;12;18;6;7;3;0;0;0;23;126;201;57;377;1273;59;43;3
201912;09020602;09;02;06;02;2;175;85;90;3;8;3;3;3;0;0;3;7;7;3;9;8;16;9;13;29;6;10;16;3;12;0;0;0;0;4;0;0;0;0;0;3;17;20;9;24;86;12;4;0
201912;09020701;09;02;07;01;2;895;464;431;3;3;7;10;12;3;10;5;0;3;0;6;46;220;97;111;155;91;48;18;12;7;12;0;4;3;9;0;0;0;0;0;3;32;21;6;266;532;19;16;0
201912;09020702;09;02;07;02;2;2274;1250;1024;40;35;44;75;26;25;19;54;52;37;18;46;62;227;159;228;368;229;173;139;82;65;18;15;12;10;3;3;3;3;4;0;40;180;205;46;289;1378;98;28;10
201912;09020801;09;02;08;01;2;176;88;88;0;6;0;6;0;0;3;3;0;0;3;7;0;15;7;13;18;30;13;18;15;13;0;0;0;3;0;0;0;3;0;0;0;12;9;7;15;114;13;3;3
201912;09020802;09;02;08;02;2;1243;675;568;28;22;34;49;25;22;21;25;24;27;6;36;32;91;69;84;189;155;85;77;57;35;19;10;0;12;9;0;0;0;0;0;28;130;125;36;123;716;64;21;0
201912;09030901;09;03;09;01;2;901;451;450;12;3;6;16;10;4;6;9;15;13;17;13;23;66;36;75;118;80;120;95;52;43;20;10;0;9;12;12;6;0;0;0;12;35;64;13;89;576;73;33;6
201912;09030902;09;03;09;02;2;501;263;238;6;13;6;16;9;6;7;6;14;9;3;19;14;19;43;27;54;49;47;37;28;32;9;13;6;3;0;6;0;0;0;0;6;44;45;19;33;285;54;15;0
201912;09030903;09;03;09;03;2;745;404;341;13;10;9;21;18;20;15;28;22;16;7;25;37;64;15;47;76;85;60;67;30;29;6;0;0;6;13;3;3;0;0;0;13;58;108;25;101;380;35;22;3
201912;09031001;09;03;10;01;2;1071;597;474;7;12;9;22;12;16;7;25;22;22;12;24;48;95;56;86;108;117;101;89;60;59;25;6;3;4;9;9;3;0;3;0;7;55;104;24;143;617;90;25;6
201912;09031101;09;03;11;01;2;566;294;272;10;13;7;9;9;6;0;16;12;7;5;3;30;43;29;42;100;63;42;37;22;22;3;9;0;9;3;3;3;9;0;0;10;38;46;3;73;335;34;15;12
201912;09031201;09;03;12;01;2;70;25;45;0;0;0;0;0;0;0;0;0;0;0;0;6;6;0;0;12;4;6;12;6;3;3;3;0;3;3;3;0;0;0;0;0;0;0;0;12;40;9;9;0
201912;09031202;09;03;12;02;2;128;56;72;0;0;3;0;0;0;0;4;0;3;0;7;0;3;0;6;10;28;20;3;9;7;3;10;0;3;6;3;0;0;0;0;0;3;7;7;3;76;20;12;0
201912;09041301;09;04;13;01;2;308;154;154;0;3;6;10;4;0;3;3;3;6;0;3;4;19;7;28;43;34;30;27;27;20;10;0;3;3;9;3;0;0;0;0;0;23;15;3;23;196;30;18;0
201912;09041302;09;04;13;02;2;89;43;46;0;3;0;0;0;3;0;4;3;0;3;3;0;0;3;9;15;0;9;10;6;6;6;0;0;3;3;0;0;0;0;0;0;3;13;3;0;52;12;6;0
201912;09041401;09;04;14;01;2;218;115;103;0;3;9;3;0;4;0;13;7;0;3;7;0;12;6;30;34;25;21;7;13;6;3;0;0;6;3;3;0;0;0;0;0;15;27;7;12;136;9;12;0
201912;09041402;09;04;14;02;2;128;55;73;3;3;9;3;10;7;0;3;3;0;3;3;4;9;3;3;12;9;24;4;3;3;3;0;0;0;0;0;0;0;0;4;3;25;16;3;13;58;6;0;4
201912;09041403;09;04;14;03;2;395;255;140;3;9;3;7;0;6;9;6;11;3;9;6;26;37;28;35;46;59;30;18;19;6;6;3;0;3;0;7;0;0;0;0;3;19;44;6;63;235;15;10;0
201912;09041501;09;04;15;01;2;915;478;437;12;17;15;31;13;27;14;22;37;13;6;21;28;54;51;71;96;100;86;68;43;49;10;6;3;0;9;10;0;3;0;0;12;76;119;21;82;515;65;22;3
201912;09041601;09;04;16;01;2;226;123;103;0;0;0;3;0;0;0;3;3;3;0;0;3;10;13;18;27;21;35;20;31;17;6;7;0;0;0;3;0;0;0;3;0;3;9;0;13;165;30;3;3
201912;09051701;09;05;17;01;2;270;174;96;0;3;3;12;0;0;4;3;4;0;0;9;10;31;16;23;45;27;24;21;9;9;6;0;3;0;4;4;0;0;0;0;0;18;11;9;41;165;15;11;0
201912;09051702;09;05;17;02;2;629;329;300;6;10;13;3;9;7;6;6;12;9;4;9;13;37;25;62;76;84;70;63;41;22;15;6;6;6;9;0;0;0;0;0;6;35;44;9;50;421;43;21;0
201912;09051801;09;05;18;01;2;497;270;227;4;3;3;13;3;10;7;10;13;11;9;19;11;34;22;35;43;62;41;42;38;19;12;0;12;6;3;6;6;0;0;0;4;22;60;19;45;283;31;27;6
201912;09051901;09;05;19;01;2;1065;549;516;13;9;15;26;10;6;9;12;8;14;3;15;44;90;75;113;211;114;88;56;52;28;15;6;15;3;6;6;0;3;0;0;13;60;52;15;134;709;49;30;3
201912;09052001;09;05;20;01;2;655;342;313;7;3;14;11;10;6;0;7;12;9;6;12;18;47;29;63;100;85;73;55;36;22;10;6;6;0;4;0;0;0;4;0;7;38;40;12;65;441;38;10;4
201912;10010101;10;01;01;01;2;832;390;442;15;12;18;32;6;15;14;12;32;24;6;28;24;39;32;49;99;70;83;64;66;40;15;9;12;6;6;0;4;0;0;0;15;68;103;28;63;463;64;24;4
201912;10010102;10;01;01;02;2;2467;1273;1194;27;48;33;72;33;24;34;65;49;54;32;71;66;140;109;156;310;271;234;209;141;105;60;31;16;24;33;3;17;0;0;0;27;186;258;71;206;1430;196;76;17
201912;10010203;10;01;02;03;2;781;532;249;16;22;16;26;19;10;15;15;28;18;3;14;47;113;47;77;95;67;33;38;30;13;3;3;3;3;7;0;0;0;0;0;16;83;89;14;160;387;19;13;0
201912;10010204;10;01;02;04;2;1276;625;651;22;24;37;60;15;19;17;36;22;29;18;36;40;82;65;77;176;130;128;78;68;47;15;10;7;3;9;3;0;0;3;0;22;136;141;36;122;722;72;22;3
201912;10010205;10;01;02;05;2;783;412;371;15;0;7;21;15;18;3;31;20;16;3;25;32;45;31;70;89;90;58;61;50;38;16;3;7;12;4;0;3;0;0;0;15;43;91;25;77;449;57;23;3
201912;10010206;10;01;02;06;2;2620;1438;1182;24;48;57;95;32;26;40;66;75;60;27;101;80;209;115;200;363;281;212;177;110;105;39;17;19;18;21;3;0;0;0;0;24;232;294;101;289;1458;161;61;0
201912;10010207;10;01;02;07;2;1218;631;587;9;15;13;33;21;11;18;13;22;13;15;36;40;87;58;76;140;118;123;93;98;79;24;24;15;3;6;6;3;3;3;0;9;82;92;36;127;706;127;30;9
201912;10010308;10;01;03;08;2;365;235;130;3;0;6;0;3;3;0;3;3;3;4;9;12;30;32;25;38;37;45;42;24;22;9;3;3;3;3;0;0;0;0;0;3;9;16;9;42;243;34;9;0
201912;10010309;10;01;03;09;2;1543;797;746;18;16;12;23;16;20;12;31;35;29;3;41;58;81;62;123;201;165;154;146;124;82;25;21;9;13;7;3;10;3;0;0;18;67;130;41;139;975;128;32;13
201912;10010310;10;01;03;10;2;2217;1185;1032;29;28;29;62;38;28;18;56;49;35;20;54;67;183;123;174;284;219;177;185;130;103;51;18;12;15;12;15;0;0;3;0;29;157;206;54;250;1292;172;54;3
201912;10010311;10;01;03;11;2;183;84;99;0;4;3;0;0;3;6;9;4;3;7;3;3;6;0;19;16;18;20;13;9;9;3;6;6;3;4;0;6;0;0;0;0;7;32;3;9;95;18;13;6
201912;10020412;10;02;04;12;2;1326;636;690;27;21;37;50;33;16;27;34;31;34;10;31;61;60;46;99;166;147;107;97;78;37;33;6;6;13;4;6;3;6;0;0;27;141;152;31;121;740;76;29;9
201912;10020413;10;02;04;13;2;2423;1231;1192;38;59;69;125;43;57;42;72;71;60;21;69;71;180;127;188;312;257;187;117;94;89;27;18;9;3;6;9;3;0;0;0;38;296;323;69;251;1282;134;27;3
201912;10020414;10;02;04;14;2;406;211;195;7;7;9;12;3;6;6;9;10;7;12;15;19;27;15;31;55;42;46;24;13;19;0;3;0;6;3;0;0;0;0;0;7;31;50;15;46;226;22;9;0
201912;10020415;10;02;04;15;2;1496;798;698;21;37;35;59;37;31;34;49;31;40;11;44;62;91;68;121;199;165;122;75;64;47;21;10;7;12;3;0;0;0;0;0;21;168;196;44;153;814;78;22;0
201912;10020416;10;02;04;16;2;1147;645;502;13;15;13;30;19;10;6;19;25;19;12;29;33;84;64;100;153;130;90;98;75;38;24;12;9;12;12;3;0;0;0;0;13;77;91;29;117;710;74;36;0
201912;10020517;10;02;05;17;2;1018;552;466;23;16;25;36;16;9;23;29;40;23;21;35;35;87;55;60;127;95;78;64;39;33;9;9;14;7;4;6;0;0;0;0;23;93;145;35;122;518;51;31;0
201912;10020518;10;02;05;18;2;805;389;416;21;15;18;45;18;22;6;27;33;34;3;21;27;57;33;50;89;86;59;43;46;25;15;3;3;3;3;0;0;0;0;0;21;96;125;21;84;406;43;9;0
201912;10020519;10;02;05;19;2;1298;718;580;18;24;35;50;28;25;21;56;43;34;12;36;43;84;55;110;175;149;102;76;50;30;9;15;12;3;3;0;0;0;0;0;18;137;191;36;127;717;54;18;0
201912;10020620;10;02;06;20;2;317;166;151;0;3;3;10;6;6;3;14;4;6;6;7;9;10;9;34;59;28;32;35;12;6;6;0;3;3;3;0;0;0;0;0;0;22;39;7;19;209;12;9;0
201912;10020621;10;02;06;21;2;878;420;458;15;18;30;33;9;12;18;27;24;9;9;23;37;40;38;85;142;63;67;62;44;32;16;6;6;0;6;4;3;0;0;0;15;90;99;23;77;501;54;16;3
201912;10020622;10;02;06;22;2;573;294;279;7;9;9;9;9;6;6;6;12;6;8;20;13;15;27;55;80;82;54;62;15;19;9;3;6;10;7;3;3;3;0;0;7;36;44;20;28;375;31;26;6
201912;10020623;10;02;06;23;2;380;181;199;9;6;6;15;0;0;3;4;10;10;0;6;9;33;15;19;47;37;32;19;27;31;7;9;8;3;9;6;0;0;0;0;9;27;27;6;42;196;47;26;0
201912;10030724;10;03;07;24;2;923;512;411;0;0;3;3;4;0;0;0;4;6;3;7;48;236;131;169;133;52;25;37;21;15;3;3;3;7;0;4;3;3;0;0;0;10;13;7;284;568;21;14;6
201912;10030725;10;03;07;25;2;758;406;352;12;17;12;22;8;6;13;21;28;7;6;21;39;53;25;55;90;74;68;32;50;43;28;6;3;0;3;6;7;3;0;0;12;59;81;21;92;394;77;12;10
201912;10030726;10;03;07;26;2;260;144;116;9;0;7;9;3;3;3;7;0;9;0;9;10;12;9;21;40;36;19;23;6;9;7;0;3;0;3;3;0;0;0;0;9;19;22;9;22;154;16;9;0
201912;10030727;10;03;07;27;2;430;213;217;6;0;3;0;0;0;3;3;3;4;6;3;9;30;25;49;47;63;43;43;43;23;12;3;3;6;0;0;0;0;0;0;6;3;19;3;39;313;38;9;0
201912;10040828;10;04;08;28;2;334;162;172;0;6;0;9;0;0;0;9;3;3;0;0;3;38;16;31;37;44;34;26;24;25;4;10;0;3;6;3;0;0;0;0;0;15;15;0;41;212;39;12;0
201912;10040829;10;04;08;29;2;271;172;99;0;9;3;0;0;0;0;3;3;10;6;3;7;24;21;30;45;32;18;24;9;12;0;0;0;3;3;0;3;0;3;0;0;12;22;3;31;179;12;6;6
201912;10040830;10;04;08;30;2;198;97;101;3;0;0;0;4;3;3;3;0;3;0;4;9;12;6;9;21;25;15;24;16;13;6;7;6;3;3;0;0;0;0;0;3;4;12;4;21;116;26;12;0
201912;10040931;10;04;09;31;2;348;185;163;0;0;0;0;0;3;3;3;4;3;0;9;12;27;21;25;30;49;47;30;28;30;12;6;0;0;0;3;3;0;0;0;0;0;16;9;39;230;48;3;3
201912;10040932;10;04;09;32;2;200;124;76;3;3;0;6;0;0;0;0;3;0;0;9;6;12;6;27;32;28;16;15;28;3;0;3;0;0;0;0;0;0;0;0;3;9;3;9;18;152;6;0;0
201912;10040933;10;04;09;33;2;487;269;218;0;3;6;10;3;6;3;12;0;9;0;13;24;34;18;32;58;45;72;53;24;24;9;7;0;6;13;3;0;0;0;0;0;22;30;13;58;302;40;22;0
201912;11010101;11;01;01;01;2;49;33;16;0;0;0;4;0;0;3;0;0;0;0;0;0;3;3;9;3;0;9;3;0;6;0;3;0;3;0;0;0;0;0;0;0;4;3;0;3;27;9;3;0
201912;11010102;11;01;01;02;2;70;49;21;0;0;0;0;0;0;0;0;0;0;0;0;0;6;3;3;7;12;12;18;3;6;0;0;0;0;0;0;0;0;0;0;0;0;0;0;6;58;6;0;0
201912;11010103;11;01;01;03;2;408;259;149;0;9;12;22;11;6;9;10;23;9;7;20;21;39;22;39;54;30;29;15;15;6;0;0;0;0;0;0;0;0;0;0;0;54;64;20;60;204;6;0;0
201912;11010204;11;01;02;04;2;1725;854;871;41;33;45;75;30;32;19;43;53;32;12;55;41;104;74;125;214;165;145;116;80;74;31;27;22;6;13;9;9;0;0;0;41;183;191;55;145;919;132;50;9
201912;11010205;11;01;02;05;2;1432;739;693;23;31;34;61;26;22;30;47;60;53;22;43;37;71;51;70;142;143;138;106;78;70;25;9;22;6;6;6;0;0;0;0;23;152;234;43;108;728;104;40;0
201912;11010206;11;01;02;06;2;1100;572;528;34;25;19;34;17;15;13;27;21;32;11;38;31;92;55;94;145;104;77;66;57;36;18;18;3;3;0;12;3;0;0;0;34;95;119;38;123;598;72;18;3
201912;11010207;11;01;02;07;2;1371;732;639;31;31;35;57;21;24;17;45;28;30;9;42;35;117;70;111;164;157;102;73;53;50;39;6;3;6;12;3;0;0;0;0;31;144;153;42;152;730;95;24;0
201912;11010308;11;01;03;08;2;2008;1002;1006;26;42;41;83;42;28;31;62;56;34;13;51;59;115;75;130;267;208;151;173;127;76;43;19;22;13;15;3;0;3;0;0;26;208;224;51;174;1131;138;53;3
201912;11010309;11;01;03;09;2;1656;851;805;24;34;31;45;19;36;39;49;45;33;21;30;54;125;54;107;217;151;132;115;109;90;40;15;12;13;9;3;4;0;0;0;24;129;223;30;179;885;145;37;4
201912;11010310;11;01;03;10;2;767;416;351;18;10;18;19;14;9;13;13;22;15;9;30;37;64;44;65;102;71;42;41;36;31;9;6;6;4;6;3;6;4;0;0;18;61;81;30;101;401;46;19;10
201912;11020411;11;02;04;11;2;1997;1047;950;39;48;52;78;40;46;41;67;65;54;30;61;62;149;100;152;227;207;167;103;87;54;21;10;0;16;9;3;6;0;3;0;39;218;303;61;211;1043;85;28;9
201912;11020412;11;02;04;12;2;906;540;366;16;12;18;19;10;10;19;14;15;6;0;22;37;101;46;72;126;86;63;54;59;41;24;16;6;0;7;0;7;0;0;0;16;59;64;22;138;506;81;13;7
201912;11020513;11;02;05;13;2;630;332;298;9;6;7;36;29;20;18;28;29;33;15;26;28;46;19;34;91;63;43;16;19;6;3;3;0;0;3;0;0;0;0;0;9;78;143;26;74;285;12;3;0
201912;11020514;11;02;05;14;2;1805;1002;803;29;29;35;61;33;20;28;63;53;53;21;70;64;121;123;163;252;164;140;109;65;42;16;9;9;13;12;4;0;4;0;0;29;158;238;70;185;1016;67;38;4
201912;11020515;11;02;05;15;2;2430;1192;1238;42;37;28;73;31;31;45;47;40;36;19;83;94;166;110;184;318;246;228;185;134;129;55;21;17;13;9;3;6;0;0;0;42;169;218;83;260;1405;205;42;6
201912;11020516;11;02;05;16;2;387;188;199;3;3;6;18;3;6;4;10;10;6;6;6;6;29;9;33;66;42;31;34;25;16;3;6;3;0;3;0;0;0;0;0;3;30;42;6;35;240;25;6;0
201912;11030617;11;03;06;17;2;1467;767;700;15;9;16;35;19;27;20;43;33;28;13;46;59;138;57;120;211;152;126;112;79;49;17;12;6;6;10;6;3;0;0;0;15;79;164;46;197;857;78;28;3
201912;11030618;11;03;06;18;2;3040;1541;1499;24;41;19;48;19;22;16;22;24;35;22;55;154;417;256;387;458;299;211;144;123;107;49;14;16;13;13;13;6;7;3;3;24;127;141;55;571;1878;170;55;19
201912;11030619;11;03;06;19;2;2193;1151;1042;33;31;25;43;15;13;22;31;26;25;12;54;48;162;119;222;341;263;172;170;129;104;61;24;12;12;18;3;3;0;0;0;33;114;129;54;210;1416;189;45;3
201912;11030720;11;03;07;20;2;3301;2219;1082;34;22;23;42;17;23;13;25;25;24;9;22;178;436;288;388;510;313;280;177;204;118;62;25;6;18;9;3;4;3;0;0;34;104;119;22;614;2160;205;36;7
201912;11030721;11;03;07;21;2;4766;2613;2153;38;53;40;94;31;36;33;78;75;65;28;112;167;527;311;457;712;535;365;314;242;190;105;54;31;18;15;25;12;0;3;0;38;218;315;112;694;2936;349;89;15
201912;11030824;11;03;08;24;2;2329;1246;1083;15;19;18;47;19;20;19;38;29;24;15;47;90;303;170;289;344;205;167;139;98;106;29;22;13;16;19;3;3;3;0;0;15;103;145;47;393;1412;157;51;6
201912;11040925;11;04;09;25;2;680;354;326;3;3;0;12;6;6;0;6;6;7;4;6;28;37;43;82;152;86;49;64;34;25;4;0;4;6;3;0;4;0;0;0;3;21;29;6;65;510;29;13;4
201912;11040926;11;04;09;26;2;4688;2470;2218;55;52;49;103;36;26;40;62;58;42;22;72;148;388;297;543;876;578;392;269;169;167;70;50;32;37;31;16;5;3;0;0;55;240;250;72;536;3124;287;116;8
201912;11041022;11;04;10;22;2;1393;850;543;12;21;6;38;9;17;12;21;27;27;12;31;39;143;96;162;237;133;88;88;68;52;15;6;17;9;4;3;0;0;0;0;12;74;116;31;182;872;73;33;0
201912;11041023;11;04;10;23;2;1396;705;691;23;23;21;33;16;13;9;28;24;30;9;16;39;107;72;153;221;145;121;86;78;70;19;9;7;12;3;6;0;3;0;0;23;93;113;16;146;876;98;28;3
201912;11041027;11;04;10;27;2;640;337;303;10;10;6;14;7;9;12;9;21;9;9;10;24;58;51;51;86;71;45;52;16;21;9;11;0;12;3;0;0;4;0;0;10;37;69;10;82;372;41;15;4
201912;11041128;11;04;11;28;2;4074;2033;2041;40;59;53;85;29;33;31;73;50;41;27;86;128;425;339;462;566;398;304;246;162;191;62;42;31;25;46;23;5;12;0;0;40;226;255;86;553;2477;295;125;17
201912;11051229;11;05;12;29;2;531;263;268;12;12;15;19;6;3;3;3;3;4;3;16;24;36;40;42;91;59;53;30;23;22;3;3;0;3;0;3;0;0;0;0;12;52;19;16;60;338;28;6;0
201912;11051330;11;05;13;30;2;1520;933;587;15;15;10;19;10;6;13;3;14;6;0;9;23;314;227;272;244;122;67;50;34;35;0;3;3;0;3;0;3;0;0;0;15;54;42;9;337;1016;38;6;3
201912;11051331;11;05;13;31;2;684;367;317;6;3;9;3;8;6;3;13;7;6;3;6;18;70;39;66;113;74;73;42;34;24;19;6;6;0;17;3;4;3;0;0;6;23;38;6;88;441;49;26;7
201912;11051332;11;05;13;32;2;517;275;242;0;3;0;7;3;0;0;6;0;12;0;3;21;39;47;60;80;56;49;53;41;12;6;6;4;3;6;0;0;0;0;0;0;13;18;3;60;386;24;13;0
201912;12103115;12;10;31;15;2;1952;1065;887;10;3;16;21;18;16;15;22;13;14;18;35;54;147;69;161;264;212;180;187;130;104;43;27;25;46;47;34;15;3;3;0;10;58;98;35;201;1203;174;152;21
201912;12103116;12;10;31;16;2;3046;1642;1404;34;28;28;56;34;24;29;49;67;61;26;79;88;195;144;232;404;319;279;257;193;155;52;52;15;36;53;25;29;3;0;0;34;146;256;79;283;1828;259;129;32
201912;12103117;12;10;31;17;2;3605;1942;1663;27;43;35;84;29;18;29;38;48;54;29;75;123;221;168;306;449;375;315;276;242;183;83;68;53;52;88;44;38;12;0;0;27;191;216;75;344;2131;334;237;50
201912;12103218;12;10;32;18;2;3649;1948;1701;18;27;18;43;26;22;28;39;37;66;24;58;151;337;226;329;456;402;272;286;246;194;62;47;27;54;83;41;21;6;3;0;18;114;216;58;488;2217;303;205;30
201912;12103219;12;10;32;19;2;2296;1242;1054;22;13;27;38;9;24;21;24;29;13;10;32;51;175;105;200;332;243;207;185;153;96;76;30;28;36;53;42;16;3;3;0;22;87;121;32;226;1425;202;159;22
201912;12103220;12;10;32;20;2;754;394;360;7;7;12;9;3;7;6;12;9;9;6;3;21;38;22;49;97;96;65;85;58;40;15;9;12;16;22;6;6;7;0;0;7;31;49;3;59;472;64;56;13
201912;12214125;12;21;41;25;2;1394;921;473;10;11;6;20;9;6;15;19;16;18;12;28;42;83;62;112;165;166;173;109;108;68;19;15;15;27;33;15;3;9;0;0;10;46;86;28;125;895;102;90;12
201912;12214126;12;21;41;26;2;1729;879;850;22;15;19;41;9;15;23;32;28;30;13;47;53;120;55;113;191;161;158;154;121;78;45;34;15;41;34;43;16;0;3;0;22;84;141;47;173;953;157;133;19
201912;12214421;12;21;44;21;2;650;348;302;12;6;6;17;7;6;3;6;6;15;6;18;15;35;39;53;55;74;57;64;54;40;16;6;10;12;9;3;0;0;0;0;12;36;42;18;50;396;62;34;0
201912;12214422;12;21;44;22;2;2912;1572;1340;28;41;23;65;34;33;26;61;67;67;23;67;128;201;119;180;344;269;254;219;189;150;88;45;24;42;47;38;27;4;3;6;28;163;277;67;329;1574;283;151;40
201912;12214423;12;21;44;23;2;1269;655;614;12;6;13;21;25;6;9;28;16;10;4;30;30;90;33;98;154;121;135;98;99;73;35;11;16;19;29;32;10;6;0;0;12;65;73;30;120;738;119;96;16
201912;12214424;12;21;44;24;2;3415;1875;1540;24;30;36;72;28;39;36;69;79;68;28;86;96;202;130;209;428;368;304;301;254;177;80;34;32;62;71;40;22;10;0;0;24;166;319;86;298;1994;291;205;32
201912;12214527;12;21;45;27;2;1517;767;750;12;23;7;24;6;12;4;22;22;18;13;25;37;94;78;98;184;146;114;135;100;78;49;27;25;34;53;34;21;19;3;0;12;60;91;25;131;855;154;146;43
201912;12214528;12;21;45;28;2;69;44;25;0;0;0;0;0;0;0;0;0;0;0;17;13;9;0;7;0;4;4;0;3;9;0;0;0;0;0;0;0;0;3;0;0;0;0;17;22;18;9;0;3
201912;12224229;12;22;42;29;2;337;164;173;0;0;3;3;4;0;3;3;6;3;0;18;30;12;12;12;24;32;44;28;25;13;9;3;6;10;16;3;9;3;3;0;0;10;15;18;42;177;25;35;15
201912;12224230;12;22;42;30;2;1005;503;502;0;7;9;8;4;9;7;16;12;22;9;34;22;65;28;66;86;82;72;90;87;74;15;23;25;31;46;31;16;9;0;0;0;28;75;34;87;511;112;133;25
201912;12231101;12;23;11;01;2;1155;579;576;0;15;9;7;7;6;10;12;16;22;6;29;42;58;53;60;122;108;103;101;104;58;30;25;18;25;50;28;18;6;7;0;0;38;72;29;100;651;113;121;31
201912;12231102;12;23;11;02;2;932;422;510;9;3;4;12;3;3;6;21;13;9;3;24;11;48;28;52;57;93;89;78;69;90;31;16;21;35;38;29;13;15;9;0;9;22;55;24;59;466;137;123;37
201912;12301203;12;30;12;03;2;2858;1593;1265;36;24;25;95;34;29;27;46;55;39;25;66;120;207;129;225;320;260;245;223;192;130;55;30;31;45;58;59;18;7;3;0;36;178;221;66;327;1594;215;193;28
201912;12301204;12;30;12;04;2;707;367;340;0;6;6;15;9;0;19;17;13;10;6;28;28;56;33;34;57;71;47;66;48;47;25;18;6;9;15;12;0;6;0;0;0;36;65;28;84;356;90;42;6
201912;12301205;12;30;12;05;2;414;227;187;3;3;3;9;9;6;0;0;0;4;0;9;13;28;28;23;54;38;41;56;23;12;6;0;3;9;12;15;7;0;0;0;3;24;10;9;41;263;18;39;7
201912;12301206;12;30;12;06;2;320;171;149;3;0;3;3;3;0;0;0;3;6;0;3;10;20;10;13;21;32;32;41;24;21;14;8;3;16;16;9;3;3;0;0;3;9;9;3;30;173;43;44;6
201912;12302107;12;30;21;07;2;577;293;284;6;3;6;6;3;3;0;7;15;0;6;6;20;32;19;32;55;55;62;52;59;34;9;9;6;11;28;15;18;0;0;0;6;18;31;6;52;334;52;60;18
201912;12302108;12;30;21;08;2;3287;1631;1656;33;29;32;95;44;54;46;62;83;89;49;125;120;180;102;185;331;337;329;317;208;156;51;38;28;55;49;39;15;6;0;0;33;200;383;125;300;1809;245;171;21
201912;12302109;12;30;21;09;2;3078;1483;1595;18;25;25;48;35;37;42;81;98;73;42;104;108;175;89;189;335;331;314;261;207;161;70;39;36;35;28;32;31;3;3;3;18;133;373;104;283;1726;270;131;40
201912;12302110;12;30;21;10;2;3187;1678;1509;28;49;29;89;31;39;57;98;93;80;41;120;131;216;115;167;301;312;272;321;232;116;55;29;35;33;39;39;17;3;0;0;28;198;408;120;347;1720;200;146;20
201912;12302211;12;30;22;11;2;406;202;204;0;0;3;6;0;0;0;0;3;8;4;6;26;19;9;33;41;37;25;39;42;26;18;7;8;12;15;6;6;4;0;3;0;9;15;6;45;226;51;41;13
201912;12302212;12;30;22;12;2;1864;966;898;29;31;31;66;31;23;43;63;74;56;26;73;72;105;65;99;192;186;156;128;111;77;29;18;12;21;18;13;12;4;0;0;29;159;285;73;177;937;124;64;16
201912;12304313;12;30;43;13;2;1174;619;555;4;12;10;22;3;10;3;25;9;18;9;21;40;103;81;99;154;114;94;74;77;52;38;13;13;24;21;12;13;0;3;3;4;47;74;21;143;693;103;70;19
201912;12304314;12;30;43;14;2;742;363;379;6;9;3;0;3;6;4;3;12;6;3;14;29;37;27;47;93;87;70;65;50;40;18;15;21;9;32;21;6;6;0;0;6;15;34;14;66;439;73;83;12
