ZEIT;RAUMID;BEZ;PGR;BZR;PLR;STADTRAUM;MH_E;HK_EU15;HK_EU28;HK_Polen;HK_EheJug;HK_EheSU;HK_Turk;HK_Arab;HK_Sonst;HK_NZOrd
201912;01011101;01;01;11;01;1;2075;372;609;108;35;345;91;256;651;88
201912;01011102;01;01;11;02;1;71;21;39;6;0;0;0;6;23;3
201912;01011103;01;01;11;03;1;2979;482;972;181;102;385;326;358;698;138
201912;01011104;01;01;11;04;1;3005;414;682;115;97;237;400;665;745;179
201912;01011105;01;01;11;05;1;1047;169;280;58;6;226;47;228;236;24
201912;01011201;01;01;12;01;1;1494;183;378;33;25;334;50;202;438;67
201912;01011202;01;01;12;02;1;315;101;156;7;3;50;3;9;94;0
201912;01011203;01;01;12;03;1;637;114;182;19;12;216;44;26;150;7
201912;01011204;01;01;12;04;1;4341;654;1307;181;86;848;189;535;1230;146
201912;01011301;01;01;13;01;1;3009;820;1255;154;52;391;107;166;995;43
201912;01011302;01;01;13;02;1;5095;1602;2184;238;115;453;212;280;1768;83
201912;01011303;01;01;13;03;1;4811;1087;1630;199;102;550;158;451;1790;130
201912;01011304;01;01;13;04;1;3832;456;828;168;190;396;282;386;1616;134
201912;01011305;01;01;13;05;1;3700;598;963;121;48;551;187;452;1372;127
201912;01011306;01;01;13;06;1;4939;918;1520;238;150;424;591;306;1722;226
201912;01011401;01;01;14;01;1;8085;2481;3417;394;117;790;257;639;2695;170
201912;01011402;01;01;14;02;1;5578;2121;2703;208;88;387;144;252;1893;111
201912;01022101;01;02;21;01;1;1913;269;710;225;107;101;163;386;360;86
201912;01022102;01;02;21;02;1;4258;572;1387;338;272;154;571;748;899;227
201912;01022103;01;02;21;03;1;248;16;40;9;10;0;36;53;91;18
201912;01022104;01;02;21;04;1;9559;1470;3021;717;559;509;1364;1437;2158;511
201912;01022105;01;02;21;05;1;3154;354;936;155;166;169;515;587;579;202
201912;01022106;01;02;21;06;1;4120;847;1499;284;158;398;421;444;1034;166
201912;01022201;01;02;22;01;1;5627;968;1762;366;236;311;1051;718;1222;327
201912;01022202;01;02;22;02;1;2277;348;546;84;50;217;480;245;518;221
201912;01022203;01;02;22;03;1;4304;425;1092;269;257;238;1029;752;567;369
201912;01022204;01;02;22;04;1;2661;507;980;226;99;273;246;262;681;120
201912;01022205;01;02;22;05;1;2109;132;367;148;141;284;355;482;312;168
201912;01022206;01;02;22;06;1;1304;237;500;132;37;108;160;117;314;68
201912;01022207;01;02;22;07;1;2797;659;1069;183;58;276;165;215;927;87
201912;01033101;01;03;31;01;1;17239;1783;5036;1048;1202;685;4173;2665;2440;1038
201912;01033102;01;03;31;02;1;7311;752;1878;409;502;270;2265;909;979;508
201912;01033201;01;03;32;01;1;9580;630;1397;384;303;642;3510;1536;1210;982
201912;01033202;01;03;32;02;1;6219;520;1243;434;277;442;1943;747;938;629
201912;01033203;01;03;32;03;1;9473;1019;2450;568;599;498;2289;1599;1356;682
201912;01044101;01;04;41;01;1;10472;1325;3433;927;677;425;2186;1214;1835;702
201912;01044102;01;04;41;02;1;7011;726;2191;812;472;345;1429;852;1112;610
201912;01044103;01;04;41;03;1;4756;697;1585;282;162;273;770;710;1040;216
201912;01044201;01;04;42;01;1;16538;1729;4455;870;1000;620;4358;2564;2414;1127
201912;01044202;01;04;42;02;1;10170;1397;3161;723;473;406;1519;1480;2598;533
201912;01044203;01;04;42;03;1;9636;1234;3105;697;578;370;2465;1103;1478;537
201912;02010101;02;01;01;01;1;4568;454;911;175;141;396;885;812;1058;365
201912;02010102;02;01;01;02;1;9442;834;1545;292;263;592;2921;1845;1181;1095
201912;02010103;02;01;01;03;1;10751;708;1342;309;232;310;5345;1088;1011;1423
201912;02010104;02;01;01;04;1;3291;297;479;57;57;33;1473;505;331;413
201912;02020201;02;02;02;01;1;719;147;240;28;6;61;60;50;271;31
201912;02020202;02;02;02;02;1;2683;610;923;127;78;104;395;436;595;152
201912;02020203;02;02;02;03;1;4411;1248;1753;252;151;136;588;406;1188;189
201912;02020204;02;02;02;04;1;5504;1464;2155;314;219;228;905;463;1302;232
201912;02020205;02;02;02;05;1;6417;1684;2289;231;143;180;1273;394;1735;403
201912;02020206;02;02;02;06;1;8998;2197;3206;399;274;222;1885;1069;1827;515
201912;02030301;02;03;03;01;1;5614;685;946;77;114;66;2853;319;689;627
201912;02030302;02;03;03;02;1;7151;1231;1695;154;123;136;2916;512;1129;640
201912;02030401;02;03;04;01;1;7473;1866;2497;272;202;160;1992;530;1584;508
201912;02030402;02;03;04;02;1;5650;1412;1859;211;96;139;1775;187;1210;384
201912;02040501;02;04;05;01;1;1619;176;422;97;61;224;74;193;590;55
201912;02040502;02;04;05;02;1;2458;456;835;161;105;272;67;182;913;84
201912;02040503;02;04;05;03;1;3282;921;1423;251;82;272;83;191;1122;109
201912;02040701;02;04;07;01;1;5991;693;1439;300;391;732;341;743;2138;207
201912;02040702;02;04;07;02;1;3572;1130;1562;190;85;267;144;241;1183;90
201912;02040703;02;04;07;03;1;804;117;453;31;15;75;50;30;172;9
201912;02050601;02;05;06;01;1;3128;922;1350;189;120;200;75;208;1125;50
201912;02050602;02;05;06;02;1;7217;2423;3368;383;195;635;201;399;2283;136
201912;02050801;02;05;08;01;1;7739;2421;3277;364;331;514;227;728;2484;178
201912;02050802;02;05;08;02;1;7541;2899;3814;443;125;452;226;411;2348;165
201912;02050803;02;05;08;03;1;2823;858;1298;175;82;261;128;178;814;62
201912;02050804;02;05;08;04;1;1042;257;414;74;39;108;37;57;347;40
201912;03010101;03;01;01;01;2;702;97;264;83;37;114;29;65;178;15
201912;03010102;03;01;01;02;2;2834;111;527;261;101;487;112;596;999;12
201912;03010104;03;01;01;04;2;45;12;42;12;0;3;0;0;0;0
201912;03020203;03;02;02;03;2;138;19;67;24;10;10;0;9;42;0
201912;03020209;03;02;02;09;2;2631;490;1099;309;50;290;89;177;867;59
201912;03020210;03;02;02;10;2;1807;233;619;210;78;278;146;212;408;66
201912;03020307;03;02;03;07;2;2485;232;859;369;87;646;144;241;454;54
201912;03030405;03;03;04;05;2;2129;177;568;243;78;472;52;384;554;21
201912;03030406;03;03;04;06;2;746;111;312;116;22;186;12;43;159;12
201912;03030711;03;03;07;11;2;524;87;212;86;15;89;24;48;106;30
201912;03030715;03;03;07;15;2;1666;141;367;95;63;221;79;373;519;44
201912;03030716;03;03;07;16;2;33;6;9;3;0;6;0;0;18;0
201912;03040508;03;04;05;08;2;946;115;286;114;16;175;179;59;155;76
201912;03040512;03;04;05;12;2;1908;229;681;257;55;245;234;171;405;117
201912;03040513;03;04;05;13;2;563;117;237;73;24;70;35;64;104;29
201912;03040614;03;04;06;14;2;6151;1358;2639;627;205;755;222;471;1697;162
201912;03040818;03;04;08;18;2;6528;1389;2721;705;203;838;161;612;1901;92
201912;03050919;03;05;09;19;2;692;83;230;79;44;98;7;121;185;7
201912;03050920;03;05;09;20;2;1216;283;650;181;34;124;36;86;271;15
201912;03050923;03;05;09;23;2;2349;529;1033;238;87;321;71;143;638;56
201912;03050924;03;05;09;24;2;1523;361;693;144;88;160;64;113;375;30
201912;03050925;03;05;09;25;2;1941;379;799;130;71;235;42;217;528;49
201912;03051017;03;05;10;17;2;975;110;322;75;37;185;23;205;193;10
201912;03051021;03;05;10;21;2;871;92;313;104;72;167;18;65;218;18
201912;03051022;03;05;10;22;2;518;61;166;79;19;85;21;72;146;9
201912;03061126;03;06;11;26;1;4959;1561;2374;328;104;453;147;359;1432;90
201912;03061131;03;06;11;31;1;3628;1444;1904;192;49;240;77;137;1190;31
201912;03061227;03;06;12;27;1;3992;1388;1886;230;57;358;103;160;1369;59
201912;03061228;03;06;12;28;1;3282;899;1468;228;64;298;82;227;1090;53
201912;03061332;03;06;13;32;1;7391;2648;3556;406;93;580;173;372;2503;114
201912;03061429;03;06;14;29;1;1784;207;536;168;46;227;87;165;690;33
201912;03061430;03;06;14;30;1;1737;117;376;61;119;131;28;535;535;13
201912;03061434;03;06;14;34;1;1924;541;828;126;41;194;54;119;664;24
201912;03061435;03;06;14;35;1;1202;272;446;77;29;135;28;82;449;33
201912;03061441;03;06;14;41;1;755;156;298;69;19;99;12;10;287;30
201912;03071536;03;07;15;36;1;4217;1470;1874;145;51;301;108;138;1687;58
201912;03071537;03;07;15;37;1;5665;2077;2682;218;61;539;108;258;1945;72
201912;03071633;03;07;16;33;1;1005;167;297;57;9;179;47;87;368;18
201912;03071638;03;07;16;38;1;5806;2055;2773;303;74;475;156;257;1998;73
201912;03071639;03;07;16;39;1;3577;1196;1689;241;69;298;98;215;1155;53
201912;04010101;04;01;01;01;2;5307;366;1809;1016;346;459;764;617;1064;248
201912;04010102;04;01;01;02;2;349;24;118;45;62;32;24;56;43;14
201912;04010103;04;01;01;03;2;4415;135;1082;641;234;595;797;733;574;400
201912;04020204;04;02;02;04;2;70;27;30;0;0;3;4;14;13;6
201912;04020205;04;02;02;05;2;324;66;102;21;16;25;18;18;133;12
201912;04020206;04;02;02;06;2;871;130;281;88;20;121;40;67;312;30
201912;04020207;04;02;02;07;2;801;162;310;52;21;55;55;38;293;29
201912;04020208;04;02;02;08;2;811;183;347;100;31;102;36;28;225;42
201912;04020209;04;02;02;09;2;1300;335;522;73;23;121;49;75;470;40
201912;04020310;04;02;03;10;2;534;45;161;42;64;35;12;107;155;0
201912;04020311;04;02;03;11;2;5157;914;1798;436;192;471;387;551;1528;230
201912;04020312;04;02;03;12;2;1826;284;543;118;71;206;141;207;562;96
201912;04020313;04;02;03;13;2;2766;462;953;235;165;207;258;278;755;150
201912;04020314;04;02;03;14;2;9;6;9;3;0;0;0;0;0;0
201912;04030415;04;03;04;15;1;1879;187;511;179;59;172;114;253;691;79
201912;04030416;04;03;04;16;1;5154;684;1336;326;279;422;1168;540;1039;370
201912;04030417;04;03;04;17;1;4286;892;1586;330;211;449;428;293;1055;264
201912;04030518;04;03;05;18;1;4428;636;1426;417;194;319;601;455;1177;256
201912;04030519;04;03;05;19;1;2753;469;922;269;101;220;331;321;669;189
201912;04030620;04;03;06;20;1;4068;568;1311;378;230;512;359;397;1006;253
201912;04030621;04;03;06;21;1;1858;314;661;178;92;228;228;136;415;98
201912;04030622;04;03;06;22;1;5285;912;1770;383;254;547;593;521;1248;352
201912;04030623;04;03;06;23;1;2924;387;701;147;109;595;288;280;758;193
201912;04030724;04;03;07;24;1;2575;534;962;250;87;356;168;196;740;66
201912;04030725;04;03;07;25;1;5206;1338;2158;384;292;486;296;349;1490;135
201912;04030726;04;03;07;26;1;2627;466;889;166;85;366;153;360;675;99
201912;04030827;04;03;08;27;1;6780;1265;2354;405;346;632;609;725;1826;288
201912;04030828;04;03;08;28;1;4532;1084;1646;230;252;302;279;346;1555;152
201912;04030929;04;03;09;29;1;2677;659;1064;210;107;240;130;216;808;112
201912;04030930;04;03;09;30;1;2679;691;1039;147;111;291;165;189;788;96
201912;04030931;04;03;09;31;1;2171;418;761;132;77;306;117;234;608;68
201912;04031032;04;03;10;32;1;6935;1293;2489;619;298;976;352;509;1987;324
201912;04041133;04;04;11;33;2;75;16;51;0;0;0;0;6;18;0
201912;04041134;04;04;11;34;2;2190;390;781;146;47;416;127;110;589;120
201912;04041135;04;04;11;35;2;1047;154;328;66;24;295;44;27;294;35
201912;04041136;04;04;11;36;2;1155;213;403;102;36;294;47;43;302;30
201912;04041137;04;04;11;37;2;3300;380;1106;431;196;541;221;260;798;178
201912;04041238;04;04;12;38;2;2195;310;735;233;76;345;148;201;539;151
201912;04041239;04;04;12;39;2;236;3;26;4;13;30;19;67;78;3
201912;04041240;04;04;12;40;2;428;72;128;29;15;86;12;22;140;25
201912;04041241;04;04;12;41;2;1854;376;709;161;74;240;97;180;478;76
201912;04041342;04;04;13;42;2;1486;167;551;278;76;179;119;127;365;69
201912;04041343;04;04;13;43;2;1155;206;415;81;36;179;91;39;339;56
201912;04041344;04;04;13;44;2;3094;648;1113;242;113;307;179;197;1018;167
201912;04051445;04;05;14;45;1;2907;363;909;282;179;412;260;270;697;180
201912;04051446;04;05;14;46;1;4985;960;1766;359;179;887;257;361;1285;250
201912;04051447;04;05;14;47;1;2288;485;830;177;74;340;111;134;696;103
201912;04051448;04;05;14;48;1;4477;904;1610;334;139;596;365;389;1221;157
201912;04051549;04;05;15;49;1;2109;344;766;149;191;155;192;277;403;125
201912;04051550;04;05;15;50;1;2469;417;869;221;85;273;216;208;701;117
201912;04051551;04;05;15;51;1;2018;312;709;144;98;245;161;202;464;139
201912;04051652;04;05;16;52;1;4045;928;1541;322;172;419;209;402;1159;143
201912;04051653;04;05;16;53;1;3086;610;1107;216;133;341;247;234;862;162
201912;04051654;04;05;16;54;1;1160;218;402;83;48;148;84;67;334;77
201912;04051655;04;05;16;55;1;3336;579;1128;313;139;392;256;354;858;209
201912;04051656;04;05;16;56;1;2608;568;1090;230;77;182;125;202;817;115
201912;04061757;04;06;17;57;2;21;0;0;0;0;3;0;4;14;0
201912;05010101;05;01;01;01;2;3170;225;856;436;194;303;476;569;545;227
201912;05010102;05;01;01;02;2;3071;189;1006;421;305;314;427;322;528;169
201912;05010103;05;01;01;03;2;1504;169;503;224;116;134;198;158;295;100
201912;05010204;05;01;02;04;2;1581;47;271;154;30;435;79;333;374;59
201912;05010205;05;01;02;05;2;635;58;220;92;36;69;125;35;94;56
201912;05010206;05;01;02;06;2;4552;180;1362;704;271;837;658;656;478;290
201912;05010207;05;01;02;07;2;6013;194;1685;1076;188;1531;1114;613;496;386
201912;05010208;05;01;02;08;2;2785;151;965;494;145;334;427;330;448;136
201912;05010209;05;01;02;09;2;2007;143;528;220;181;207;421;192;303;175
201912;05010310;05;01;03;10;2;1577;87;499;203;152;129;253;189;276;79
201912;05010311;05;01;03;11;2;2859;136;612;149;199;443;756;341;221;287
201912;05010312;05;01;03;12;2;4309;211;1388;358;367;258;738;756;633;169
201912;05010313;05;01;03;13;2;2972;255;938;270;244;258;404;522;424;182
201912;05010314;05;01;03;14;2;4941;317;1613;680;424;534;686;558;788;338
201912;05010339;05;01;03;39;2;663;12;45;20;28;69;28;266;215;12
201912;05020415;05;02;04;15;2;816;94;260;135;39;114;107;53;142;101
201912;05020416;05;02;04;16;2;96;22;52;24;0;9;9;0;18;8
201912;05020417;05;02;04;17;2;1800;149;593;238;124;193;231;235;332;92
201912;05020418;05;02;04;18;2;1198;55;300;160;85;137;116;233;278;49
201912;05020419;05;02;04;19;2;2288;190;863;375;167;287;230;279;327;135
201912;05020420;05;02;04;20;2;198;16;57;34;21;24;34;25;18;19
201912;05020521;05;02;05;21;2;908;43;226;75;51;137;154;82;160;98
201912;05020522;05;02;05;22;2;3715;146;1106;590;202;426;356;641;843;141
201912;05020523;05;02;05;23;2;7631;344;2066;798;443;1488;1088;1337;905;304
201912;05020524;05;02;05;24;2;1439;150;547;269;126;126;164;124;282;70
201912;05020625;05;02;06;25;2;2959;175;887;366;234;376;340;440;538;144
201912;05020626;05;02;06;26;2;6581;602;2214;706;559;450;940;947;1110;361
201912;05020627;05;02;06;27;2;2022;116;518;177;233;144;195;474;380;78
201912;05020628;05;02;06;28;2;525;37;190;111;18;45;106;57;65;44
201912;05020629;05;02;06;29;2;710;150;331;109;36;52;81;61;121;28
201912;05030730;05;03;07;30;2;2233;84;538;356;95;212;606;185;259;338
201912;05030731;05;03;07;31;2;5062;323;1792;1096;229;661;805;619;553;403
201912;05030832;05;03;08;32;2;5849;453;1751;776;457;328;948;767;1159;439
201912;05030833;05;03;08;33;2;236;27;80;21;9;9;68;19;24;27
201912;05040934;05;04;09;34;2;882;131;248;60;27;113;62;132;272;28
201912;05040935;05;04;09;35;2;113;15;43;25;6;9;0;32;23;0
201912;05040936;05;04;09;36;2;1804;344;775;280;30;158;172;95;463;111
201912;05040937;05;04;09;37;2;354;58;111;38;27;34;27;0;120;35
201912;05040938;05;04;09;38;2;527;104;218;63;19;75;16;30;157;12
201912;06010101;06;01;01;01;2;1860;352;714;204;69;145;142;99;555;136
201912;06010102;06;01;01;02;2;3209;561;1119;255;201;295;306;243;891;154
201912;06010103;06;01;01;03;2;2077;378;731;202;122;180;186;140;606;112
201912;06010204;06;01;02;04;2;2414;307;803;268;170;144;372;207;537;181
201912;06010205;06;01;02;05;2;3212;463;1099;382;205;271;412;254;725;246
201912;06010206;06;01;02;06;2;2347;283;808;266;170;278;172;222;533;164
201912;06010207;06;01;02;07;2;2755;377;874;322;160;291;224;311;721;174
201912;06010208;06;01;02;08;2;2144;314;699;215;124;241;241;150;564;125
201912;06010209;06;01;02;09;2;3287;519;1179;351;240;253;346;240;805;224
201912;06010210;06;01;02;10;2;1387;177;468;152;101;114;169;144;328;63
201912;06020301;06;02;03;01;2;1205;196;511;227;88;109;124;64;222;87
201912;06020302;06;02;03;02;2;1871;196;549;232;107;178;129;297;533;78
201912;06020303;06;02;03;03;2;2273;186;754;350;202;199;322;226;411;159
201912;06020304;06;02;03;04;2;2158;204;718;273;207;151;293;204;438;147
201912;06020305;06;02;03;05;2;3946;336;1239;615;166;490;589;375;782;305
201912;06020306;06;02;03;06;2;1260;153;440;206;85;101;172;55;338;69
201912;06020407;06;02;04;07;2;2338;149;616;383;92;330;302;306;532;160
201912;06020408;06;02;04;08;2;2009;192;564;264;153;179;150;289;568;106
201912;06020409;06;02;04;09;2;2227;340;874;304;151;186;158;228;546;84
201912;06020410;06;02;04;10;2;1456;261;562;184;54;101;95;167;433;44
201912;06020411;06;02;04;11;2;2267;245;854;433;101;155;207;288;478;184
201912;06030501;06;03;05;01;2;1405;209;405;106;53;151;76;174;499;47
201912;06030502;06;03;05;02;2;1375;159;494;173;60;123;93;204;328;73
201912;06030503;06;03;05;03;2;3496;491;1085;354;111;372;220;281;1292;135
201912;06030504;06;03;05;04;2;2554;499;882;171;68;200;125;180;1009;90
201912;06030605;06;03;06;05;2;1997;445;809;188;102;155;112;129;614;76
201912;06030606;06;03;06;06;2;2193;217;648;238;92;157;215;352;635;94
201912;06030607;06;03;06;07;2;1179;190;361;61;65;134;51;90;429;49
201912;06030608;06;03;06;08;2;3954;572;1275;392;117;358;237;355;1358;254
201912;06030609;06;03;06;09;2;3077;603;1166;295;136;171;258;365;833;148
201912;06030610;06;03;06;10;2;2039;490;817;155;78;182;101;136;660;65
201912;06040701;06;04;07;01;2;2377;519;896;222;83;293;115;126;799;65
201912;06040702;06;04;07;02;2;1332;212;366;107;43;103;85;181;499;55
201912;06040703;06;04;07;03;2;3295;657;1118;214;82;270;123;217;1436;49
201912;06040804;06;04;08;04;2;1424;353;616;147;19;95;33;55;567;39
201912;06040805;06;04;08;05;2;1192;325;513;102;41;125;50;80;344;39
201912;06040806;06;04;08;06;2;1246;317;539;114;19;70;24;51;514;29
201912;06040807;06;04;08;07;2;1468;236;446;113;38;109;81;123;600;71
201912;06040808;06;04;08;08;2;1782;227;500;138;41;228;102;139;641;131
201912;06040809;06;04;08;09;2;1570;361;509;80;19;184;64;52;711;31
201912;06040810;06;04;08;10;2;2327;526;807;164;38;279;74;191;878;60
201912;07010101;07;01;01;01;1;5110;905;1618;319;163;891;476;547;1137;278
201912;07010102;07;01;01;02;1;9485;1369;2417;427;550;925;1669;1447;1904;573
201912;07010103;07;01;01;03;1;4213;966;1595;301;172;251;622;268;1046;259
201912;07010104;07;01;01;04;1;7758;1067;1810;284;350;797;2146;855;1253;547
201912;07020201;07;02;02;01;1;3813;801;1363;274;189;358;477;237;925;264
201912;07020202;07;02;02;02;1;4754;859;1633;314;251;273;619;549;1125;304
201912;07020203;07;02;02;03;1;7956;1540;2455;421;321;333;1703;878;1693;573
201912;07020204;07;02;02;04;1;4500;1104;1659;251;133;191;792;307;1130;288
201912;07030301;07;03;03;01;1;7089;1490;2738;594;328;472;523;600;2089;339
201912;07030302;07;03;03;02;1;3040;616;1046;237;107;187;407;188;950;155
201912;07030303;07;03;03;03;1;5390;621;1432;475;215;220;1563;406;1030;524
201912;07040401;07;04;04;01;2;6738;989;1994;592;407;244;1749;471;1113;760
201912;07040402;07;04;04;02;2;498;58;173;71;3;34;81;38;128;41
201912;07040403;07;04;04;03;2;9544;1193;3013;933;583;571;1471;1337;1753;816
201912;07040404;07;04;04;04;2;1404;165;451;178;94;87;302;141;203;126
201912;07040405;07;04;04;05;2;5166;465;1390;439;443;304;814;973;814;428
201912;07040406;07;04;04;06;2;2328;232;837;223;164;62;364;414;289;198
201912;07050501;07;05;05;01;2;7076;634;2166;879;483;506;1259;957;949;756
201912;07050502;07;05;05;02;2;3245;278;1105;419;208;237;590;376;440;289
201912;07050503;07;05;05;03;2;3041;264;949;396;209;207;632;343;428;273
201912;07050504;07;05;05;04;2;1884;155;592;329;112;124;377;248;240;191
201912;07050505;07;05;05;05;2;3151;224;876;358;157;287;762;326;445;298
201912;07050506;07;05;05;06;2;558;60;206;84;49;27;102;61;61;52
201912;07060601;07;06;06;01;2;4314;183;1035;651;264;729;397;1086;602;201
201912;07060602;07;06;06;02;2;1199;160;459;169;115;90;143;112;171;109
201912;07060603;07;06;06;03;2;1095;63;247;102;133;79;150;206;169;111
201912;07060604;07;06;06;04;2;5593;222;1847;1216;267;1459;655;494;578;293
201912;07070701;07;07;07;01;2;2381;283;857;360;220;182;341;231;340;210
201912;07070702;07;07;07;02;2;2413;202;896;487;223;154;339;218;333;250
201912;07070703;07;07;07;03;2;2297;152;718;455;95;223;335;303;463;160
201912;07070704;07;07;07;04;2;3392;197;933;542;268;448;297;1028;301;117
201912;07070705;07;07;07;05;2;1332;158;599;289;96;94;94;89;294;66
201912;07070706;07;07;07;06;2;858;61;227;136;70;106;57;200;169;29
201912;07070707;07;07;07;07;2;551;72;215;53;21;22;43;59;169;22
201912;08010115;08;01;01;15;1;389;117;154;16;6;13;47;41;107;21
201912;08010116;08;01;01;16;1;2155;366;670;81;145;32;678;164;312;154
201912;08010117;08;01;01;17;1;8259;1898;3010;453;429;201;1558;879;1685;497
201912;08010118;08;01;01;18;1;7201;958;1917;381;484;177;1578;1491;1001;553
201912;08010211;08;01;02;11;1;5796;1140;1972;290;405;118;1176;731;995;399
201912;08010212;08;01;02;12;1;5020;370;913;361;391;88;1866;676;525;561
201912;08010213;08;01;02;13;1;6766;1121;2092;363;471;175;1385;962;1124;557
201912;08010214;08;01;02;14;1;4957;598;1342;312;418;143;1046;1063;628;317
201912;08010301;08;01;03;01;1;13687;3547;4959;633;706;352;2675;1290;2818;887
201912;08010302;08;01;03;02;1;1481;264;475;123;108;77;317;158;203;143
201912;08010303;08;01;03;03;1;5140;952;1610;205;484;96;1036;700;848;366
201912;08010404;08;01;04;04;1;12494;2292;4076;686;991;327;2230;1830;2186;854
201912;08010405;08;01;04;05;1;4270;957;1654;306;330;139;645;485;726;291
201912;08010406;08;01;04;06;1;4277;536;1357;205;231;155;743;964;523;304
201912;08010407;08;01;04;07;1;362;73;116;25;10;6;49;56;101;24
201912;08010508;08;01;05;08;1;4224;174;504;205;201;62;1614;928;380;535
201912;08010509;08;01;05;09;1;6167;240;747;342;256;67;1917;2054;383;743
201912;08010510;08;01;05;10;1;324;9;89;31;20;9;52;119;23;12
201912;08020619;08;02;06;19;2;6454;431;1662;536;486;169;1421;1533;603;580
201912;08020620;08;02;06;20;2;4253;362;1276;548;213;124;1064;670;387;519
201912;08020621;08;02;06;21;2;615;73;146;46;35;16;201;43;94;80
201912;08020622;08;02;06;22;2;4170;381;1315;608;250;295;892;463;490;465
201912;08020623;08;02;06;23;2;392;19;109;59;19;20;89;75;56;24
201912;08020624;08;02;06;24;2;519;48;138;47;27;18;137;21;83;95
201912;08020625;08;02;06;25;2;1050;102;306;136;75;26;230;139;168;106
201912;08020726;08;02;07;26;2;2278;200;739;374;143;115;530;258;246;247
201912;08020727;08;02;07;27;2;3792;193;853;426;315;179;825;711;477;432
201912;08020728;08;02;07;28;2;4001;226;808;363;403;312;940;607;514;417
201912;08030829;08;03;08;29;2;6540;257;1301;735;434;488;1903;1089;489;836
201912;08030830;08;03;08;30;2;3047;102;782;500;177;236;903;274;275;400
201912;08030831;08;03;08;31;2;9277;252;1843;1282;683;549;3149;1197;668;1188
201912;08040932;08;04;09;32;2;947;36;230;156;66;70;254;174;50;103
201912;08040933;08;04;09;33;2;1405;90;331;142;135;42;485;123;129;160
201912;08040934;08;04;09;34;2;870;93;253;92;65;34;239;90;80;109
201912;08041035;08;04;10;35;2;2930;181;640;259;352;94;812;315;301;416
201912;08041036;08;04;10;36;2;1689;135;529;277;166;39;324;119;282;230
201912;08041037;08;04;10;37;2;2828;213;874;441;268;111;582;373;362;258
201912;08041038;08;04;10;38;2;1685;98;416;249;106;74;449;205;232;203
201912;08041039;08;04;10;39;2;1162;105;349;168;64;55;298;120;96;180
201912;08041040;08;04;10;40;2;2046;165;622;357;159;100;465;253;288;159
201912;09010101;09;01;01;01;2;4132;1007;1593;283;181;289;482;373;1055;159
201912;09010102;09;01;01;02;2;22;4;4;0;6;0;0;0;12;0
201912;09010201;09;01;02;01;2;796;265;417;82;23;65;41;31;200;19
201912;09010202;09;01;02;02;2;1302;174;480;166;60;79;80;216;339;48
201912;09010301;09;01;03;01;2;2673;429;1028;281;163;244;204;243;687;104
201912;09010302;09;01;03;02;2;929;46;178;87;112;33;172;240;108;86
201912;09010401;09;01;04;01;2;986;125;417;131;62;128;79;91;180;29
201912;09010402;09;01;04;02;2;1826;176;647;279;180;203;211;153;355;77
201912;09020501;09;02;05;01;2;2390;240;881;191;287;273;116;289;495;49
201912;09020502;09;02;05;02;2;3650;373;1298;347;216;427;151;513;925;120
201912;09020601;09;02;06;01;2;2806;322;1007;241;103;269;100;489;767;71
201912;09020602;09;02;06;02;2;323;30;133;50;29;48;15;39;43;16
201912;09020701;09;02;07;01;2;1200;212;395;87;81;155;26;108;411;24
201912;09020702;09;02;07;02;2;3221;327;1116;302;160;377;140;478;892;58
201912;09020801;09;02;08;01;2;295;29;109;44;0;56;0;32;94;4
201912;09020802;09;02;08;02;2;1752;139;715;327;88;202;64;351;307;25
201912;09030901;09;03;09;01;2;2081;221;734;313;104;257;296;155;374;161
201912;09030902;09;03;09;02;2;884;46;329;178;70;166;48;158;96;17
201912;09030903;09;03;09;03;2;1618;47;302;195;88;469;135;352;222;50
201912;09031001;09;03;10;01;2;1764;145;622;262;110;374;153;151;304;50
201912;09031101;09;03;11;01;2;933;128;426;136;30;145;32;103;194;3
201912;09031201;09;03;12;01;2;199;18;87;47;9;43;3;18;39;0
201912;09031202;09;03;12;02;2;258;34;96;23;23;82;3;6;45;3
201912;09041301;09;04;13;01;2;662;75;356;151;3;72;12;65;140;14
201912;09041302;09;04;13;02;2;198;34;76;29;0;36;3;13;66;4
201912;09041401;09;04;14;01;2;489;56;218;77;12;108;3;82;57;9
201912;09041402;09;04;14;02;2;236;31;78;32;3;87;3;44;18;3
201912;09041403;09;04;14;03;2;590;31;151;73;3;110;19;123;174;10
201912;09041501;09;04;15;01;2;1431;178;556;121;88;248;25;215;244;55
201912;09041601;09;04;16;01;2;541;35;248;147;13;140;11;21;99;9
201912;09051701;09;05;17;01;2;439;59;146;50;19;63;12;106;90;3
201912;09051702;09;05;17;02;2;1304;184;617;234;40;170;6;103;355;13
201912;09051801;09;05;18;01;2;936;99;349;124;28;183;27;115;221;13
201912;09051901;09;05;19;01;2;1668;241;665;177;48;320;37;184;386;28
201912;09052001;09;05;20;01;2;1217;189;586;166;35;202;21;80;272;21
201912;10010101;10;01;01;01;2;1519;36;313;153;55;642;20;166;291;32
201912;10010102;10;01;01;02;2;4965;136;878;323;191;2255;74;357;1147;63
201912;10010203;10;01;02;03;2;838;6;55;15;38;108;18;335;284;0
201912;10010204;10;01;02;04;2;2647;57;568;237;206;1078;49;261;456;29
201912;10010205;10;01;02;05;2;1380;55;388;161;59;456;30;163;253;31
201912;10010206;10;01;02;06;2;4436;116;1017;376;154;1706;73;532;901;53
201912;10010207;10;01;02;07;2;2644;99;537;188;97;1119;115;201;497;78
201912;10010308;10;01;03;08;2;615;41;165;47;88;100;12;34;185;31
201912;10010309;10;01;03;09;2;3518;141;663;207;131;1710;71;256;599;88
201912;10010310;10;01;03;10;2;4363;122;870;254;110;1779;85;357;1059;103
201912;10010311;10;01;03;11;2;531;19;154;65;6;229;18;49;65;10
201912;10020412;10;02;04;12;2;2342;46;545;210;131;835;72;183;555;21
201912;10020413;10;02;04;13;2;3604;93;1074;366;138;920;96;459;880;37
201912;10020414;10;02;04;14;2;815;24;206;72;15;409;0;76;100;9
201912;10020415;10;02;04;15;2;1918;138;784;300;62;299;29;344;388;12
201912;10020416;10;02;04;16;2;1652;80;759;292;72;426;41;123;225;6
201912;10020517;10;02;05;17;2;1596;58;368;137;47;454;15;282;411;19
201912;10020518;10;02;05;18;2;1192;33;409;169;39;249;30;192;255;18
201912;10020519;10;02;05;19;2;1918;72;600;264;140;470;49;234;404;21
201912;10020620;10;02;06;20;2;626;25;129;53;23;255;16;87;107;9
201912;10020621;10;02;06;21;2;1389;62;411;146;34;361;20;211;330;22
201912;10020622;10;02;06;22;2;1197;66;364;165;71;430;42;75;205;10
201912;10020623;10;02;06;23;2;886;35;214;100;48;313;6;80;206;19
201912;10030724;10;03;07;24;2;1420;149;398;106;19;281;60;114;518;30
201912;10030725;10;03;07;25;2;1382;46;310;126;85;532;38;147;252;18
201912;10030726;10;03;07;26;2;524;21;167;73;42;185;9;27;88;6
201912;10030727;10;03;07;27;2;1147;74;366;165;40;329;16;21;317;58
201912;10040828;10;04;08;28;2;723;58;251;110;12;261;48;24;114;13
201912;10040829;10;04;08;29;2;435;56;148;33;12;45;18;123;80;9
201912;10040830;10;04;08;30;2;541;43;210;100;12;123;3;34;147;12
201912;10040931;10;04;09;31;2;852;96;272;89;52;234;18;39;198;39
201912;10040932;10;04;09;32;2;421;43;187;69;30;115;21;18;47;3
201912;10040933;10;04;09;33;2;1181;159;477;145;27;380;27;53;193;24
201912;11010101;11;01;01;01;2;72;6;43;12;0;9;0;0;13;7
201912;11010102;11;01;01;02;2;174;12;58;18;6;67;10;3;30;0
201912;11010103;11;01;01;03;2;533;9;46;34;7;113;11;142;205;9
201912;11010204;11;01;02;04;2;2826;66;461;167;142;858;68;470;794;33
201912;11010205;11;01;02;05;2;2320;46;387;144;116;781;60;412;521;43
201912;11010206;11;01;02;06;2;1679;65;379;87;58;446;43;305;418;30
201912;11010207;11;01;02;07;2;1984;79;422;165;85;419;56;531;431;40
201912;11010308;11;01;03;08;2;3475;108;578;185;350;981;76;495;933;62
201912;11010309;11;01;03;09;2;2728;79;495;209;557;578;62;370;609;57
201912;11010310;11;01;03;10;2;1162;46;196;57;83;293;31;179;365;15
201912;11020411;11;02;04;11;2;2755;129;630;165;340;403;48;541;742;51
201912;11020412;11;02;04;12;2;1520;73;330;129;85;368;71;233;385;48
201912;11020513;11;02;05;13;2;831;55;178;59;15;105;13;337;180;3
201912;11020514;11;02;05;14;2;2396;127;552;144;223;380;40;553;613;35
201912;11020515;11;02;05;15;2;4034;183;803;242;204;949;96;395;1515;72
201912;11020516;11;02;05;16;2;770;43;188;82;29;157;27;33;283;53
201912;11030617;11;03;06;17;2;2317;116;405;128;218;435;116;446;651;46
201912;11030618;11;03;06;18;2;4849;377;1062;276;173;1174;145;498;1667;130
201912;11030619;11;03;06;19;2;3682;271;840;249;259;972;120;234;1179;78
201912;11030720;11;03;07;20;2;3707;288;1547;663;201;487;55;196;1193;28
201912;11030721;11;03;07;21;2;6925;802;2288;804;333;860;181;952;2173;138
201912;11030824;11;03;08;24;2;3743;183;642;187;438;924;96;501;1070;72
201912;11040925;11;04;09;25;2;1048;314;482;95;39;90;32;42;350;13
201912;11040926;11;04;09;26;2;6963;981;2478;637;384;1109;217;609;2024;142
201912;11041022;11;04;10;22;2;1949;182;525;100;91;367;43;311;565;47
201912;11041023;11;04;10;23;2;2386;112;466;117;226;679;78;253;626;58
201912;11041027;11;04;10;27;2;952;87;309;95;73;224;25;82;223;16
201912;11041128;11;04;11;28;2;6738;294;1457;471;443;1621;198;950;1883;186
201912;11051229;11;05;12;29;2;900;168;327;81;27;63;27;190;251;15
201912;11051330;11;05;13;30;2;2165;243;620;174;34;306;53;269;836;47
201912;11051331;11;05;13;31;2;1362;203;487;160;64;347;42;111;290;21
201912;11051332;11;05;13;32;2;1027;179;408;115;22;222;25;34;280;36
201912;12103115;12;10;31;15;2;3408;244;990;427;295;194;707;396;546;280
201912;12103116;12;10;31;16;2;4966;286;1378;470;389;210;1115;817;693;364
201912;12103117;12;10;31;17;2;5958;433;1858;614;517;262;1264;724;819;514
201912;12103218;12;10;32;18;2;6372;462;1793;845;400;316;1424;667;1262;510
201912;12103219;12;10;32;19;2;4078;318;1143;433;251;160;987;521;633;383
201912;12103220;12;10;32;20;2;1428;159;525;235;88;97;216;134;264;104
201912;12214125;12;21;41;25;2;2575;256;756;230;197;149;429;326;459;259
201912;12214126;12;21;41;26;2;3252;202;825;385;165;478;533;492;487;272
201912;12214421;12;21;44;21;2;1073;101;423;174;81;42;120;126;206;75
201912;12214422;12;21;44;22;2;4946;495;1557;468;524;534;900;566;569;296
201912;12214423;12;21;44;23;2;2400;151;728;317;181;287;543;225;258;178
201912;12214424;12;21;44;24;2;5586;375;1833;494;461;330;935;864;755;408
201912;12214527;12;21;45;27;2;2613;358;1009;322;160;184;343;270;462;185
201912;12214528;12;21;45;28;2;116;18;18;0;0;13;19;0;66;0
201912;12224229;12;22;42;29;2;839;182;358;88;41;73;50;36;242;39
201912;12224230;12;22;42;30;2;2504;497;1038;347;82;197;257;190;560;180
201912;12231101;12;23;11;01;2;2448;616;1111;293;91;175;156;166;615;134
201912;12231102;12;23;11;02;2;2293;508;1001;250;67;191;143;125;653;113
201912;12301203;12;30;12;03;2;4620;355;1364;551;235;429;728;635;950;279
201912;12301204;12;30;12;04;2;1485;237;497;155;69;96;201;187;335;100
201912;12301205;12;30;12;05;2;949;186;404;136;39;72;101;57;218;58
201912;12301206;12;30;12;06;2;885;126;324;156;58;56;114;80;150;103
201912;12302107;12;30;21;07;2;1315;116;310;95;68;77;428;112;185;135
201912;12302108;12;30;21;08;2;6648;295;1495;888;416;670;1543;866;1117;541
201912;12302109;12;30;21;09;2;6135;370;1502;837;374;625;1388;795;1025;426
201912;12302110;12;30;21;10;2;6063;356;1281;678;351;769;1392;1015;839;416
201912;12302211;12;30;22;11;2;948;59;294;116;73;78;190;62;141;110
201912;12302212;12;30;22;12;2;2947;201;815;373;197;166;444;848;345;132
201912;12304313;12;30;43;13;2;1796;194;710;256;102;97;187;244;367;89
201912;12304314;12;30;43;14;2;1517;152;525;261;62;99;213;154;334;130
