Zeit;RAUMID;BEZ;PGR;BZR;PLR;STADTRAUM;EINW10;EINW5;Dau10;Dau5;PDAU10;PDAU5
2019;01011101;01;01;11;01;1;3210;3312;1160;1811;36,1;54,7
2019;01011102;01;01;11;02;1;182;182;85;119;46,7;65,4
2019;01011103;01;01;11;03;1;4755;4943;1794;2869;37,7;58,0
2019;01011104;01;01;11;04;1;4201;4418;1396;2610;33,2;59,1
2019;01011105;01;01;11;05;1;1429;1491;262;601;18,3;40,3
2019;01011201;01;01;12;01;1;2253;2352;1006;1396;44,7;59,4
2019;01011202;01;01;12;02;1;603;625;174;287;28,9;45,9
2019;01011203;01;01;12;03;1;1070;1120;347;616;32,4;55,0
2019;01011204;01;01;12;04;1;7755;8016;2691;4097;34,7;51,1
2019;01011301;01;01;13;01;1;6255;6514;1546;3093;24,7;47,5
2019;01011302;01;01;13;02;1;11404;11936;4601;7295;40,3;61,1
2019;01011303;01;01;13;03;1;9278;9599;3436;5222;37,0;54,4
2019;01011304;01;01;13;04;1;8071;8421;4292;5747;53,2;68,2
2019;01011305;01;01;13;05;1;8082;8362;2997;4800;37,1;57,4
2019;01011306;01;01;13;06;1;9897;10284;3500;5716;35,4;55,6
2019;01011401;01;01;14;01;1;16242;17112;4873;8632;30,0;50,4
2019;01011402;01;01;14;02;1;12095;12802;3992;7285;33,0;56,9
2019;01022101;01;02;21;01;1;3210;3348;988;1735;30,8;51,8
2019;01022102;01;02;21;02;1;6263;6501;2083;3451;33,3;53,1
2019;01022103;01;02;21;03;1;248;270;83;163;33,5;60,4
2019;01022104;01;02;21;04;1;17305;17970;6751;10368;39,0;57,7
2019;01022105;01;02;21;05;1;4875;5097;1832;2844;37,6;55,8
2019;01022106;01;02;21;06;1;10598;10981;4985;7264;47,0;66,2
2019;01022201;01;02;22;01;1;10043;10488;3731;6004;37,2;57,2
2019;01022202;01;02;22;02;1;3171;3318;723;1040;22,8;31,3
2019;01022203;01;02;22;03;1;6389;6742;2985;4366;46,7;64,8
2019;01022204;01;02;22;04;1;5577;5802;2367;3605;42,4;62,1
2019;01022205;01;02;22;05;1;2902;3107;1414;2093;48,7;67,4
2019;01022206;01;02;22;06;1;2820;2942;1278;1860;45,3;63,2
2019;01022207;01;02;22;07;1;5507;5653;2374;3307;43,1;58,5
2019;01033101;01;03;31;01;1;23828;25309;8726;15076;36,6;59,6
2019;01033102;01;03;31;02;1;10618;11230;4443;7115;41,8;63,4
2019;01033201;01;03;32;01;1;12425;13316;6120;8823;49,3;66,3
2019;01033202;01;03;32;02;1;9377;9937;4488;6461;47,9;65,0
2019;01033203;01;03;32;03;1;13130;13868;5080;8253;38,7;59,5
2019;01044101;01;04;41;01;1;19188;19938;8202;12625;42,7;63,3
2019;01044102;01;04;41;02;1;15109;15776;6433;10180;42,6;64,5
2019;01044103;01;04;41;03;1;8094;8418;2917;4717;36,0;56,0
2019;01044201;01;04;42;01;1;21640;22803;8557;14023;39,5;61,5
2019;01044202;01;04;42;02;1;15760;16377;5217;8869;33,1;54,2
2019;01044203;01;04;42;03;1;14659;15309;5493;9249;37,5;60,4
2019;02010101;02;01;01;01;1;5854;6162;2218;3553;37,9;57,7
2019;02010102;02;01;01;02;1;12243;12996;5662;8565;46,2;65,9
2019;02010103;02;01;01;03;1;13551;14354;7473;10565;55,1;73,6
2019;02010104;02;01;01;04;1;4601;4843;2419;3445;52,6;71,1
2019;02020201;02;02;02;01;1;1568;1698;115;173;7,3;10,2
2019;02020202;02;02;02;02;1;5427;5726;2290;3480;42,2;60,8
2019;02020203;02;02;02;03;1;9875;10349;4148;6555;42,0;63,3
2019;02020204;02;02;02;04;1;11492;12016;4854;7249;42,2;60,3
2019;02020205;02;02;02;05;1;13890;14443;6555;9522;47,2;65,9
2019;02020206;02;02;02;06;1;17060;17929;7570;11755;44,4;65,6
2019;02030301;02;03;03;01;1;8209;8541;4365;6076;53,2;71,1
2019;02030302;02;03;03;02;1;11922;12494;5923;8527;49,7;68,2
2019;02030401;02;03;04;01;1;13823;14475;6067;9183;43,9;63,4
2019;02030402;02;03;04;02;1;10061;10456;4683;6770;46,5;64,7
2019;02040501;02;04;05;01;1;4994;5233;2809;3813;56,2;72,9
2019;02040502;02;04;05;02;1;6874;7134;2823;4361;41,1;61,1
2019;02040503;02;04;05;03;1;10162;10622;3629;6090;35,7;57,3
2019;02040701;02;04;07;01;1;12213;12700;4814;7326;39,4;57,7
2019;02040702;02;04;07;02;1;10393;10812;3966;6242;38,2;57,7
2019;02040703;02;04;07;03;1;1019;1078;169;383;16,6;35,5
2019;02050601;02;05;06;01;1;8363;8723;2460;4473;29,4;51,3
2019;02050602;02;05;06;02;1;19614;20555;5786;10493;29,5;51,0
2019;02050801;02;05;08;01;1;18591;19429;5437;9496;29,2;48,9
2019;02050802;02;05;08;02;1;19555;20383;5550;10134;28,4;49,7
2019;02050803;02;05;08;03;1;6975;7267;2084;3505;29,9;48,2
2019;02050804;02;05;08;04;1;3932;4240;1207;2128;30,7;50,2
2019;03010101;03;01;01;01;2;3692;3939;1228;2084;33,3;52,9
2019;03010102;03;01;01;02;2;11170;11843;4454;7200;39,9;60,8
2019;03010104;03;01;01;04;2;199;217;86;149;43,2;68,7
2019;03020203;03;02;02;03;2;1886;1998;669;1429;35,5;71,5
2019;03020209;03;02;02;09;2;13518;14383;5803;9383;42,9;65,2
2019;03020210;03;02;02;10;2;10086;10827;4273;6750;42,4;62,3
2019;03020307;03;02;03;07;2;16180;17262;8110;12005;50,1;69,5
2019;03030405;03;03;04;05;2;9858;10572;4234;6463;42,9;61,1
2019;03030406;03;03;04;06;2;7539;7919;4975;6284;66,0;79,4
2019;03030711;03;03;07;11;2;6224;6605;3527;5270;56,7;79,8
2019;03030715;03;03;07;15;2;7071;7452;3551;4838;50,2;64,9
2019;03030716;03;03;07;16;2;1055;1091;706;899;66,9;82,4
2019;03040508;03;04;05;08;2;4092;4344;2244;3296;54,8;75,9
2019;03040512;03;04;05;12;2;9377;9868;4568;6557;48,7;66,4
2019;03040513;03;04;05;13;2;3111;3293;1593;2395;51,2;72,7
2019;03040614;03;04;06;14;2;32539;34812;13573;21959;41,7;63,1
2019;03040818;03;04;08;18;2;31716;33438;14073;21492;44,4;64,3
2019;03050919;03;05;09;19;2;4653;4858;2360;3279;50,7;67,5
2019;03050920;03;05;09;20;2;6710;7106;2615;4404;39,0;62,0
2019;03050923;03;05;09;23;2;8644;9129;2850;5053;33,0;55,4
2019;03050924;03;05;09;24;2;5488;5850;1929;3270;35,1;55,9
2019;03050925;03;05;09;25;2;8569;9204;3373;5554;39,4;60,3
2019;03051017;03;05;10;17;2;3857;4061;1650;2516;42,8;62,0
2019;03051021;03;05;10;21;2;6049;6298;3070;4341;50,8;68,9
2019;03051022;03;05;10;22;2;4183;4400;2065;3055;49,4;69,4
2019;03061126;03;06;11;26;1;14298;15010;4962;8322;34,7;55,4
2019;03061131;03;06;11;31;1;9468;9973;3265;5537;34,5;55,5
2019;03061227;03;06;12;27;1;13351;13937;5095;8467;38,2;60,8
2019;03061228;03;06;12;28;1;11823;12210;4617;7266;39,1;59,5
2019;03061332;03;06;13;32;1;20159;21434;7527;13098;37,3;61,1
2019;03061429;03;06;14;29;1;9335;9672;5361;7084;57,4;73,2
2019;03061430;03;06;14;30;1;3541;3777;1521;2033;43,0;53,8
2019;03061434;03;06;14;34;1;5830;6137;2242;3649;38,5;59,5
2019;03061435;03;06;14;35;1;3662;3820;1501;2299;41,0;60,2
2019;03061441;03;06;14;41;1;2204;2498;434;1654;19,7;66,2
2019;03071536;03;07;15;36;1;10053;10655;3571;6180;35,5;58,0
2019;03071537;03;07;15;37;1;14016;14868;5280;8483;37,7;57,1
2019;03071633;03;07;16;33;1;2870;3023;1260;1888;43,9;62,5
2019;03071638;03;07;16;38;1;15692;16639;6044;10030;38,5;60,3
2019;03071639;03;07;16;39;1;11440;12150;4708;7492;41,2;61,7
2019;04010101;04;01;01;01;2;9869;10304;4630;6865;46,9;66,6
2019;04010102;04;01;01;02;2;740;783;353;465;47,7;59,4
2019;04010103;04;01;01;03;2;7055;7496;3605;5523;51,1;73,7
2019;04020204;04;02;02;04;2;173;183;62;110;35,8;60,1
2019;04020205;04;02;02;05;2;1202;1257;710;940;59,1;74,8
2019;04020206;04;02;02;06;2;2713;2809;1356;1840;50,0;65,5
2019;04020207;04;02;02;07;2;2354;2441;1151;1664;48,9;68,2
2019;04020208;04;02;02;08;2;2729;2889;1466;2044;53,7;70,8
2019;04020209;04;02;02;09;2;3039;3171;1564;2028;51,5;64,0
2019;04020310;04;02;03;10;2;714;752;190;262;26,6;34,8
2019;04020311;04;02;03;11;2;14085;14595;7036;9648;50,0;66,1
2019;04020312;04;02;03;12;2;5095;5330;2284;3315;44,8;62,2
2019;04020313;04;02;03;13;2;6702;6921;3011;4226;44,9;61,1
2019;04020314;04;02;03;14;2;9;9;9;9;100,0;100,0
2019;04030415;04;03;04;15;1;3143;3227;869;1418;27,6;43,9
2019;04030416;04;03;04;16;1;9587;10052;4798;7027;50,0;69,9
2019;04030417;04;03;04;17;1;10088;10503;4965;7060;49,2;67,2
2019;04030518;04;03;05;18;1;8915;9185;4101;5952;46,0;64,8
2019;04030519;04;03;05;19;1;5416;5649;2318;3530;42,8;62,5
2019;04030620;04;03;06;20;1;8267;8555;3736;5547;45,2;64,8
2019;04030621;04;03;06;21;1;2954;3061;1217;1858;41,2;60,7
2019;04030622;04;03;06;22;1;10028;10410;4528;6662;45,2;64,0
2019;04030623;04;03;06;23;1;4636;4818;1985;2950;42,8;61,2
2019;04030724;04;03;07;24;1;6121;6327;2949;4162;48,2;65,8
2019;04030725;04;03;07;25;1;11500;11903;5462;7679;47,5;64,5
2019;04030726;04;03;07;26;1;5325;5492;2446;3542;45,9;64,5
2019;04030827;04;03;08;27;1;11385;11788;4942;7199;43,4;61,1
2019;04030828;04;03;08;28;1;9071;9327;4282;6048;47,2;64,8
2019;04030929;04;03;09;29;1;5626;5854;2642;3824;47,0;65,3
2019;04030930;04;03;09;30;1;5354;5539;2536;3595;47,4;64,9
2019;04030931;04;03;09;31;1;3459;3579;1565;2251;45,2;62,9
2019;04031032;04;03;10;32;1;14642;15153;6602;9589;45,1;63,3
2019;04041133;04;04;11;33;2;106;106;22;22;20,8;20,8
2019;04041134;04;04;11;34;2;4858;5088;1982;3136;40,8;61,6
2019;04041135;04;04;11;35;2;2595;2726;1244;1910;47,9;70,1
2019;04041136;04;04;11;36;2;2858;3006;1297;1904;45,4;63,3
2019;04041137;04;04;11;37;2;7666;7982;3676;5251;48,0;65,8
2019;04041238;04;04;12;38;2;5571;5842;2581;3863;46,3;66,1
2019;04041239;04;04;12;39;2;268;291;48;70;17,9;24,1
2019;04041240;04;04;12;40;2;1446;1505;733;1072;50,7;71,2
2019;04041241;04;04;12;41;2;6564;6813;3326;4917;50,7;72,2
2019;04041342;04;04;13;42;2;3905;4045;2050;2857;52,5;70,6
2019;04041343;04;04;13;43;2;3339;3453;1790;2500;53,6;72,4
2019;04041344;04;04;13;44;2;9978;10362;5518;7435;55,3;71,8
2019;04051445;04;05;14;45;1;5949;6153;2747;3917;46,2;63,7
2019;04051446;04;05;14;46;1;10146;10560;4669;6918;46,0;65,5
2019;04051447;04;05;14;47;1;4983;5153;2235;3303;44,9;64,1
2019;04051448;04;05;14;48;1;8719;8995;3922;5762;45,0;64,1
2019;04051549;04;05;15;49;1;4252;4448;1834;2687;43,1;60,4
2019;04051550;04;05;15;50;1;5246;5450;2394;3484;45,6;63,9
2019;04051551;04;05;15;51;1;4193;4370;1976;2832;47,1;64,8
2019;04051652;04;05;16;52;1;9201;9540;4479;6366;48,7;66,7
2019;04051653;04;05;16;53;1;6567;6799;3157;4574;48,1;67,3
2019;04051654;04;05;16;54;1;2906;2989;1350;1960;46,5;65,6
2019;04051655;04;05;16;55;1;6876;7185;2938;4367;42,7;60,8
2019;04051656;04;05;16;56;1;7105;7417;3387;4996;47,7;67,4
2019;04061757;04;06;17;57;2;65;68;37;51;56,9;75,0
2019;05010101;05;01;01;01;2;9581;10091;3775;6144;39,4;60,9
2019;05010102;05;01;01;02;2;7522;7882;2478;3612;32,9;45,8
2019;05010103;05;01;01;03;2;7081;7344;3653;5077;51,6;69,1
2019;05010204;05;01;02;04;2;3185;3404;1201;2060;37,7;60,5
2019;05010205;05;01;02;05;2;2135;2206;1084;1428;50,8;64,7
2019;05010206;05;01;02;06;2;9550;10129;4400;6466;46,1;63,8
2019;05010207;05;01;02;07;2;10295;10969;5105;7704;49,6;70,2
2019;05010208;05;01;02;08;2;6915;7314;2963;4841;42,8;66,2
2019;05010209;05;01;02;09;2;5632;5881;3123;4226;55,5;71,9
2019;05010310;05;01;03;10;2;3529;3737;1423;2266;40,3;60,6
2019;05010311;05;01;03;11;2;5082;5365;1733;2933;34,1;54,7
2019;05010312;05;01;03;12;2;6550;6973;2022;3824;30,9;54,8
2019;05010313;05;01;03;13;2;6144;6458;2268;3821;36,9;59,2
2019;05010314;05;01;03;14;2;11198;11706;4524;7226;40,4;61,7
2019;05010339;05;01;03;39;2;783;885;217;311;27,7;35,1
2019;05020415;05;02;04;15;2;3523;3681;2350;2854;66,7;77,5
2019;05020416;05;02;04;16;2;1590;1646;1084;1280;68,2;77,8
2019;05020417;05;02;04;17;2;5423;5657;3017;4086;55,6;72,2
2019;05020418;05;02;04;18;2;3920;4148;1844;2697;47,0;65,0
2019;05020419;05;02;04;19;2;6447;6846;3067;4595;47,6;67,1
2019;05020420;05;02;04;20;2;913;975;507;637;55,5;65,3
2019;05020521;05;02;05;21;2;2879;3071;1173;2056;40,7;66,9
2019;05020522;05;02;05;22;2;6598;7149;2641;4562;40,0;63,8
2019;05020523;05;02;05;23;2;10784;11771;4409;7354;40,9;62,5
2019;05020524;05;02;05;24;2;5838;6035;3399;4441;58,2;73,6
2019;05020625;05;02;06;25;2;7033;7313;2902;4457;41,3;60,9
2019;05020626;05;02;06;26;2;16612;17392;6294;10502;37,9;60,4
2019;05020627;05;02;06;27;2;3927;4184;1547;2576;39,4;61,6
2019;05020628;05;02;06;28;2;1846;1943;916;1363;49,6;70,1
2019;05020629;05;02;06;29;2;4201;4308;2358;3188;56,1;74,0
2019;05030730;05;03;07;30;2;3513;3777;1502;2674;42,8;70,8
2019;05030731;05;03;07;31;2;10507;11029;4455;7816;42,4;70,9
2019;05030832;05;03;08;32;2;11054;11682;4613;7319;41,7;62,7
2019;05030833;05;03;08;33;2;454;476;214;316;47,1;66,4
2019;05040934;05;04;09;34;2;3159;3323;1898;2385;60,1;71,8
2019;05040935;05;04;09;35;2;415;430;162;284;39,0;66,0
2019;05040936;05;04;09;36;2;8963;9599;4502;6785;50,2;70,7
2019;05040937;05;04;09;37;2;2042;2117;1149;1589;56,3;75,1
2019;05040938;05;04;09;38;2;3378;3549;1933;2574;57,2;72,5
2019;06010101;06;01;01;01;2;6458;6711;3340;4704;51,7;70,1
2019;06010102;06;01;01;02;2;8051;8415;3704;5447;46,0;64,7
2019;06010103;06;01;01;03;2;5839;6088;2920;4300;50,0;70,6
2019;06010204;06;01;02;04;2;6331;6578;3259;4628;51,5;70,4
2019;06010205;06;01;02;05;2;8936;9353;4326;6264;48,4;67,0
2019;06010206;06;01;02;06;2;7120;7431;3491;4945;49,0;66,5
2019;06010207;06;01;02;07;2;7312;7623;3408;5069;46,6;66,5
2019;06010208;06;01;02;08;2;6273;6544;2912;4221;46,4;64,5
2019;06010209;06;01;02;09;2;8512;8855;3759;5830;44,2;65,8
2019;06010210;06;01;02;10;2;4444;4655;2131;3186;48,0;68,4
2019;06020301;06;02;03;01;2;4595;4789;2457;3378;53,5;70,5
2019;06020302;06;02;03;02;2;5542;5810;2458;3602;44,4;62,0
2019;06020303;06;02;03;03;2;6708;7007;3108;4729;46,3;67,5
2019;06020304;06;02;03;04;2;6590;6887;2945;4472;44,7;64,9
2019;06020305;06;02;03;05;2;10459;10995;4793;7114;45,8;64,7
2019;06020306;06;02;03;06;2;5856;6146;3417;4569;58,4;74,3
2019;06020407;06;02;04;07;2;4226;4465;2133;3172;50,5;71,0
2019;06020408;06;02;04;08;2;6347;6659;3133;4391;49,4;65,9
2019;06020409;06;02;04;09;2;7720;8088;3705;5342;48,0;66,0
2019;06020410;06;02;04;10;2;6529;6834;3521;4865;53,9;71,2
2019;06020411;06;02;04;11;2;7854;8265;4300;5863;54,7;70,9
2019;06030501;06;03;05;01;2;5334;5576;3077;4132;57,7;74,1
2019;06030502;06;03;05;02;2;5139;5371;2209;3562;43,0;66,3
2019;06030503;06;03;05;03;2;10780;11302;5374;7580;49,9;67,1
2019;06030504;06;03;05;04;2;10251;10760;5645;7604;55,1;70,7
2019;06030605;06;03;06;05;2;6599;6863;3368;4747;51,0;69,2
2019;06030606;06;03;06;06;2;5098;5345;2201;3243;43,2;60,7
2019;06030607;06;03;06;07;2;2904;3043;1329;1865;45,8;61,3
2019;06030608;06;03;06;08;2;12385;13149;5516;8267;44,5;62,9
2019;06030609;06;03;06;09;2;11109;11705;5543;8042;49,9;68,7
2019;06030610;06;03;06;10;2;7748;8116;3994;5661;51,5;69,8
2019;06040701;06;04;07;01;2;9381;9950;4501;6728;48,0;67,6
2019;06040702;06;04;07;02;2;4971;5262;2718;3812;54,7;72,4
2019;06040703;06;04;07;03;2;10304;10809;4831;6816;46,9;63,1
2019;06040804;06;04;08;04;2;6968;7302;4020;5417;57,7;74,2
2019;06040805;06;04;08;05;2;4868;5119;2667;3745;54,8;73,2
2019;06040806;06;04;08;06;2;6815;7114;4041;5307;59,3;74,6
2019;06040807;06;04;08;07;2;5518;5768;2687;3843;48,7;66,6
2019;06040808;06;04;08;08;2;4166;4491;1794;2676;43,1;59,6
2019;06040809;06;04;08;09;2;4610;4849;2487;3385;53,9;69,8
2019;06040810;06;04;08;10;2;6566;6886;3194;4529;48,6;65,8
2019;07010101;07;01;01;01;1;9422;9748;4101;6102;43,5;62,6
2019;07010102;07;01;01;02;1;15168;15842;6769;9992;44,6;63,1
2019;07010103;07;01;01;03;1;9675;10036;4608;6529;47,6;65,1
2019;07010104;07;01;01;04;1;12463;13032;5947;8733;47,7;67,0
2019;07020201;07;02;02;01;1;9811;10199;4990;6860;50,9;67,3
2019;07020202;07;02;02;02;1;9527;9953;3878;5944;40,7;59,7
2019;07020203;07;02;02;03;1;16325;17026;7375;11064;45,2;65,0
2019;07020204;07;02;02;04;1;11009;11516;4894;7281;44,5;63,2
2019;07030301;07;03;03;01;1;22627;23705;11283;16105;49,9;67,9
2019;07030302;07;03;03;02;1;8589;8964;4305;6141;50,1;68,5
2019;07030303;07;03;03;03;1;11055;11599;5696;8159;51,5;70,3
2019;07040401;07;04;04;01;2;15916;16749;8196;12140;51,5;72,5
2019;07040402;07;04;04;02;2;2127;2221;908;1314;42,7;59,2
2019;07040403;07;04;04;03;2;22262;23275;10016;15063;45,0;64,7
2019;07040404;07;04;04;04;2;4741;4920;2505;3482;52,8;70,8
2019;07040405;07;04;04;05;2;10201;10696;4473;6638;43,8;62,1
2019;07040406;07;04;04;06;2;3602;3804;1115;2065;31,0;54,3
2019;07050501;07;05;05;01;2;15481;16188;6694;9823;43,2;60,7
2019;07050502;07;05;05;02;2;7607;7884;3198;4861;42,0;61,7
2019;07050503;07;05;05;03;2;8448;8764;4343;6160;51,4;70,3
2019;07050504;07;05;05;04;2;5198;5419;2767;3965;53,2;73,2
2019;07050505;07;05;05;05;2;9757;10158;5346;7393;54,8;72,8
2019;07050506;07;05;05;06;2;2090;2183;1242;1677;59,4;76,8
2019;07060601;07;06;06;01;2;9084;9642;4229;6273;46,6;65,1
2019;07060602;07;06;06;02;2;4417;4610;2587;3435;58,6;74,5
2019;07060603;07;06;06;03;2;2569;2718;1385;1923;53,9;70,8
2019;07060604;07;06;06;04;2;13082;13750;6361;9767;48,6;71,0
2019;07070701;07;07;07;01;2;9643;10076;5302;7267;55,0;72,1
2019;07070702;07;07;07;02;2;9866;10401;5255;7215;53,3;69,4
2019;07070703;07;07;07;03;2;7352;7709;3608;4961;49,1;64,4
2019;07070704;07;07;07;04;2;7530;8031;3372;5374;44,8;66,9
2019;07070705;07;07;07;05;2;6424;6708;3857;5010;60,0;74,7
2019;07070706;07;07;07;06;2;3479;3676;1651;2336;47,5;63,5
2019;07070707;07;07;07;07;2;2692;2847;1571;2087;58,4;73,3
2019;08010115;08;01;01;15;1;791;838;335;498;42,4;59,4
2019;08010116;08;01;01;16;1;3397;3518;1466;2214;43,2;62,9
2019;08010117;08;01;01;17;1;14627;15200;5570;8927;38,1;58,7
2019;08010118;08;01;01;18;1;10709;11236;4270;6834;39,9;60,8
2019;08010211;08;01;02;11;1;9052;9447;3548;5616;39,2;59,4
2019;08010212;08;01;02;12;1;6604;6993;3274;5045;49,6;72,1
2019;08010213;08;01;02;13;1;11107;11665;4403;7293;39,6;62,5
2019;08010214;08;01;02;14;1;7758;8087;2816;4467;36,3;55,2
2019;08010301;08;01;03;01;1;25082;26198;10491;16254;41,8;62,0
2019;08010302;08;01;03;02;1;3554;3692;1634;2421;46,0;65,6
2019;08010303;08;01;03;03;1;7623;7998;3104;4836;40,7;60,5
2019;08010404;08;01;04;04;1;21197;22164;8290;13305;39,1;60,0
2019;08010405;08;01;04;05;1;8155;8490;3025;5024;37,1;59,2
2019;08010406;08;01;04;06;1;6245;6639;2289;3839;36,7;57,8
2019;08010407;08;01;04;07;1;746;764;264;457;35,4;59,8
2019;08010508;08;01;05;08;1;4842;5308;2286;3786;47,2;71,3
2019;08010509;08;01;05;09;1;7949;8697;3882;6635;48,8;76,3
2019;08010510;08;01;05;10;1;438;457;67;193;15,3;42,2
2019;08020619;08;02;06;19;2;10188;10865;3931;6331;38,6;58,3
2019;08020620;08;02;06;20;2;8411;8815;3869;5854;46,0;66,4
2019;08020621;08;02;06;21;2;2139;2263;1356;1757;63,4;77,6
2019;08020622;08;02;06;22;2;13091;13705;6809;9758;52,0;71,2
2019;08020623;08;02;06;23;2;1164;1195;616;843;52,9;70,5
2019;08020624;08;02;06;24;2;1227;1326;513;789;41,8;59,5
2019;08020625;08;02;06;25;2;3101;3226;1708;2402;55,1;74,5
2019;08020726;08;02;07;26;2;7729;8059;4208;5844;54,4;72,5
2019;08020727;08;02;07;27;2;10796;11358;5698;8066;52,8;71,0
2019;08020728;08;02;07;28;2;7862;8363;3559;5557;45,3;66,4
2019;08030829;08;03;08;29;2;11223;11833;6152;8608;54,8;72,7
2019;08030830;08;03;08;30;2;6676;6941;3903;5287;58,5;76,2
2019;08030831;08;03;08;31;2;15804;16637;8047;11648;50,9;70,0
2019;08040932;08;04;09;32;2;2538;2685;1296;2028;51,1;75,5
2019;08040933;08;04;09;33;2;3860;3998;1889;2613;48,9;65,4
2019;08040934;08;04;09;34;2;2432;2532;1386;1925;57,0;76,0
2019;08041035;08;04;10;35;2;7575;7945;4348;5752;57,4;72,4
2019;08041036;08;04;10;36;2;6258;6556;3990;5085;63,8;77,6
2019;08041037;08;04;10;37;2;9043;9454;4987;6720;55,1;71,1
2019;08041038;08;04;10;38;2;6379;6736;3525;4927;55,3;73,1
2019;08041039;08;04;10;39;2;3404;3601;1538;2371;45,2;65,8
2019;08041040;08;04;10;40;2;7148;7542;4044;5541;56,6;73,5
2019;09010101;09;01;01;01;2;11332;12005;4196;7220;37,0;60,1
2019;09010102;09;01;01;02;2;59;62;16;37;27,1;59,7
2019;09010201;09;01;02;01;2;3835;4087;1838;2859;47,9;70,0
2019;09010202;09;01;02;02;2;6518;6719;3093;4469;47,5;66,5
2019;09010301;09;01;03;01;2;14491;15008;6180;9010;42,6;60,0
2019;09010302;09;01;03;02;2;2785;2942;1590;2103;57,1;71,5
2019;09010401;09;01;04;01;2;7784;8087;4178;5569;53,7;68,9
2019;09010402;09;01;04;02;2;10259;10815;5081;7184;49,5;66,4
2019;09020501;09;02;05;01;2;6736;7086;1773;3213;26,3;45,3
2019;09020502;09;02;05;02;2;14208;14962;4986;8377;35,1;56,0
2019;09020601;09;02;06;01;2;8274;8660;2385;4059;28,8;46,9
2019;09020602;09;02;06;02;2;3310;3461;1949;2471;58,9;71,4
2019;09020701;09;02;07;01;2;2557;2659;62;123;2,4;4,6
2019;09020702;09;02;07;02;2;15408;16119;6738;9865;43,7;61,2
2019;09020801;09;02;08;01;2;2618;2772;1260;1851;48,1;66,8
2019;09020802;09;02;08;02;2;7202;7665;2701;4449;37,5;58,0
2019;09030901;09;03;09;01;2;12599;13362;6529;9102;51,8;68,1
2019;09030902;09;03;09;02;2;4995;5317;2336;3699;46,8;69,6
2019;09030903;09;03;09;03;2;7039;7625;3545;5142;50,4;67,4
2019;09031001;09;03;10;01;2;11887;12514;6648;8937;55,9;71,4
2019;09031101;09;03;11;01;2;6140;6403;2635;3702;42,9;57,8
2019;09031201;09;03;12;01;2;1702;1771;1037;1271;60,9;71,8
2019;09031202;09;03;12;02;2;2311;2441;1295;1732;56,0;71,0
2019;09041301;09;04;13;01;2;9429;9782;5392;6976;57,2;71,3
2019;09041302;09;04;13;02;2;1730;1818;901;1280;52,1;70,4
2019;09041401;09;04;14;01;2;5054;5229;2729;3568;54,0;68,2
2019;09041402;09;04;14;02;2;1376;1450;742;984;53,9;67,9
2019;09041403;09;04;14;03;2;4157;4300;2091;2861;50,3;66,5
2019;09041501;09;04;15;01;2;6440;6839;2421;3892;37,6;56,9
2019;09041601;09;04;16;01;2;6217;6531;3864;4966;62,2;76,0
2019;09051701;09;05;17;01;2;3707;3868;1772;2367;47,8;61,2
2019;09051702;09;05;17;02;2;13660;14343;6884;9843;50,4;68,6
2019;09051801;09;05;18;01;2;8691;9148;5192;6854;59,7;74,9
2019;09051901;09;05;19;01;2;10478;10947;3961;6110;37,8;55,8
2019;09052001;09;05;20;01;2;12268;12750;6574;8716;53,6;68,4
2019;10010101;10;01;01;01;2;5053;5349;2481;3820;49,1;71,4
2019;10010102;10;01;01;02;2;16315;17439;7924;12257;48,6;70,3
2019;10010203;10;01;02;03;2;1125;1196;6;68;0,5;5,7
2019;10010204;10;01;02;04;2;9381;9976;5031;7115;53,6;71,3
2019;10010205;10;01;02;05;2;7323;7774;3339;5294;45,6;68,1
2019;10010206;10;01;02;06;2;15671;16453;7706;11203;49,2;68,1
2019;10010207;10;01;02;07;2;9661;10135;5256;7520;54,4;74,2
2019;10010308;10;01;03;08;2;1996;2091;898;1348;45,0;64,5
2019;10010309;10;01;03;09;2;13453;14026;7322;10215;54,4;72,8
2019;10010310;10;01;03;10;2;16670;17521;9292;12784;55,7;73,0
2019;10010311;10;01;03;11;2;3257;3447;1237;1885;38,0;54,7
2019;10020412;10;02;04;12;2;6096;6666;2225;4321;36,5;64,8
2019;10020413;10;02;04;13;2;14143;15008;5783;9407;40,9;62,7
2019;10020414;10;02;04;14;2;1527;1623;576;914;37,7;56,3
2019;10020415;10;02;04;15;2;5026;5448;1956;3456;38,9;63,4
2019;10020416;10;02;04;16;2;4933;5294;1625;3049;32,9;57,6
2019;10020517;10;02;05;17;2;8546;8983;4104;6028;48,0;67,1
2019;10020518;10;02;05;18;2;4544;4918;2015;3383;44,3;68,8
2019;10020519;10;02;05;19;2;5097;5602;1759;3302;34,5;58,9
2019;10020620;10;02;06;20;2;3033;3207;1433;2227;47,2;69,4
2019;10020621;10;02;06;21;2;5355;5791;2029;3581;37,9;61,8
2019;10020622;10;02;06;22;2;7834;8185;4151;5928;53,0;72,4
2019;10020623;10;02;06;23;2;5988;6264;3292;4656;55,0;74,3
2019;10030724;10;03;07;24;2;7289;7581;4347;5439;59,6;71,7
2019;10030725;10;03;07;25;2;6051;6323;2714;3825;44,9;60,5
2019;10030726;10;03;07;26;2;3120;3309;1515;2164;48,6;65,4
2019;10030727;10;03;07;27;2;9110;9626;5356;7204;58,8;74,8
2019;10040828;10;04;08;28;2;7112;7468;4308;5738;60,6;76,8
2019;10040829;10;04;08;29;2;3589;3739;1995;2596;55,6;69,4
2019;10040830;10;04;08;30;2;6978;7370;4649;5857;66,6;79,5
2019;10040931;10;04;09;31;2;8828;9329;5127;6855;58,1;73,5
2019;10040932;10;04;09;32;2;3875;4067;2099;2842;54,2;69,9
2019;10040933;10;04;09;33;2;13874;14664;8793;11342;63,4;77,3
2019;11010101;11;01;01;01;2;588;616;225;318;38,3;51,6
2019;11010102;11;01;01;02;2;2417;2542;1357;2058;56,1;81,0
2019;11010103;11;01;01;03;2;1639;1742;701;1022;42,8;58,7
2019;11010204;11;01;02;04;2;7774;8341;3855;5916;49,6;70,9
2019;11010205;11;01;02;05;2;6258;6678;3142;4734;50,2;70,9
2019;11010206;11;01;02;06;2;5482;5784;2988;4114;54,5;71,1
2019;11010207;11;01;02;07;2;6512;6957;2772;4466;42,6;64,2
2019;11010308;11;01;03;08;2;10502;11140;5872;7977;55,9;71,6
2019;11010309;11;01;03;09;2;8590;9141;4710;6721;54,8;73,5
2019;11010310;11;01;03;10;2;5234;5454;3009;3962;57,5;72,6
2019;11020411;11;02;04;11;2;8308;8952;3806;5200;45,8;58,1
2019;11020412;11;02;04;12;2;6146;6486;3001;4233;48,8;65,3
2019;11020513;11;02;05;13;2;3415;3725;1628;2384;47,7;64,0
2019;11020514;11;02;05;14;2;8643;9108;3223;4994;37,3;54,8
2019;11020515;11;02;05;15;2;13301;14010;6823;9819;51,3;70,1
2019;11020516;11;02;05;16;2;3656;3847;1807;2516;49,4;65,4
2019;11030617;11;03;06;17;2;5754;6014;2835;3946;49,3;65,6
2019;11030618;11;03;06;18;2;15361;15917;7843;10727;51,1;67,4
2019;11030619;11;03;06;19;2;10041;10535;4604;6882;45,9;65,3
2019;11030720;11;03;07;20;2;5916;6096;734;1759;12,4;28,9
2019;11030721;11;03;07;21;2;22635;23745;7839;12976;34,6;54,6
2019;11030824;11;03;08;24;2;9223;9658;4855;6569;52,6;68,0
2019;11040925;11;04;09;25;2;3652;3912;1204;2130;33,0;54,4
2019;11040926;11;04;09;26;2;26573;27807;10299;16061;38,8;57,8
2019;11041022;11;04;10;22;2;5080;5242;2112;2946;41,6;56,2
2019;11041023;11;04;10;23;2;5937;6297;2556;3880;43,1;61,6
2019;11041027;11;04;10;27;2;2880;3018;1211;1803;42,0;59,7
2019;11041128;11;04;11;28;2;23912;24807;11970;16654;50,1;67,1
2019;11051229;11;05;12;29;2;3553;3856;1419;2301;39,9;59,7
2019;11051330;11;05;13;30;2;8905;9442;2966;4689;33,3;49,7
2019;11051331;11;05;13;31;2;9382;10003;4563;6428;48,6;64,3
2019;11051332;11;05;13;32;2;6165;6743;2543;4658;41,2;69,1
2019;12103115;12;10;31;15;2;7085;7376;3003;4726;42,4;64,1
2019;12103116;12;10;31;16;2;8982;9498;3705;5876;41,2;61,9
2019;12103117;12;10;31;17;2;9771;10306;3734;6185;38,2;60,0
2019;12103218;12;10;32;18;2;12744;13344;5232;8195;41,1;61,4
2019;12103219;12;10;32;19;2;8084;8455;3415;5338;42,2;63,1
2019;12103220;12;10;32;20;2;4256;4406;2106;3004;49,5;68,2
2019;12214125;12;21;41;25;2;7126;7497;3308;4923;46,4;65,7
2019;12214126;12;21;41;26;2;7341;7703;3535;5266;48,2;68,4
2019;12214421;12;21;44;21;2;2502;2618;1117;1697;44,6;64,8
2019;12214422;12;21;44;22;2;7326;7787;2902;4918;39,6;63,2
2019;12214423;12;21;44;23;2;5199;5433;2609;3720;50,2;68,5
2019;12214424;12;21;44;24;2;9674;10216;4053;6413;41,9;62,8
2019;12214527;12;21;45;27;2;10222;10544;4450;6686;43,5;63,4
2019;12214528;12;21;45;28;2;256;263;55;98;21,5;37,3
2019;12224229;12;22;42;29;2;5530;5793;3259;4327;58,9;74,7
2019;12224230;12;22;42;30;2;16459;17319;9888;13455;60,1;77,7
2019;12231101;12;23;11;01;2;15188;15931;8711;11687;57,4;73,4
2019;12231102;12;23;11;02;2;15303;16141;8768;12097;57,3;74,9
2019;12301203;12;30;12;03;2;13850;14393;6254;9197;45,2;63,9
2019;12301204;12;30;12;04;2;5836;6125;3084;4386;52,8;71,6
2019;12301205;12;30;12;05;2;4530;4758;2383;3336;52,6;70,1
2019;12301206;12;30;12;06;2;4724;4967;2525;3583;53,5;72,1
2019;12302107;12;30;21;07;2;2844;2941;1603;2184;56,4;74,3
2019;12302108;12;30;21;08;2;13037;13970;5596;9521;42,9;68,2
2019;12302109;12;30;21;09;2;10085;10944;3778;7657;37,5;70,0
2019;12302110;12;30;21;10;2;9180;10001;3393;6807;37,0;68,1
2019;12302211;12;30;22;11;2;3096;3187;1717;2355;55,5;73,9
2019;12302212;12;30;22;12;2;5113;5555;1980;3433;38,7;61,8
2019;12304313;12;30;43;13;2;6230;6449;2987;4246;47,9;65,8
2019;12304314;12;30;43;14;2;9027;9366;5066;6794;56,1;72,5
